,Talabat Restaurant Number,Name,Tags
0,0,grill time,"'Burgers', 'Grills'"
1,1,zahrat bloudan restaurant & juice stall,"'Grills', 'Sandwiches', 'Beverages'"
2,2,exit coffee,"'Cafe', 'Coffee'"
3,3,mataf and tea,"'Breakfast', 'Sandwiches', 'Tea'"
4,4,monkey burger,"'Burgers', 'Fast Food'"
5,5,burger guys,"'Fast Food', 'Wraps', 'Burgers'"
6,6,more desserts,"'Arabic Sweets', 'Cafe'"
7,9,al machbous traditional kitchen,"'Qatari', 'Mandi', 'Grills'"
8,10,flavors cafe & restaurant,"'Pakistani', 'Italian', 'Indian'"
9,11,krispy kreme,"'Donuts', 'Desserts'"
10,12,shawarma afandi,'Shawarma'
11,13,mcdonald's,"'Burgers', 'Sandwiches', 'American'"
12,14,ideal diet catering,"'International', 'Keto', 'Healthy'"
13,15,oca,"'Smoothies', 'Fruits'"
14,16,brisket,'American'
15,17,taste of mumbai,"'Breakfast', 'BBQ'"
16,18,shawarma al zaem,"'Arabic', 'Shawarma', 'Sandwiches'"
17,20,dawg restaurant,"'Hot Dogs', 'Cafe', 'Sandwiches'"
18,21,al jader restaurant,"'Arabic', 'Breakfast', 'Qatari'"
19,22,hyderabadi paradise restaurant,"'Breakfast', 'BBQ'"
20,24,ministry of burger,"'Burgers', 'Fast Food', 'American'"
21,25,saffron,'Thai'
22,26,sabah w masa,"'Falafel', 'Breakfast', 'Lebanese'"
23,27,pinas sarap,"'Asian', 'BBQ', 'Filipino'"
24,28,location kitchen,"'Arabic', 'Biryani', 'Chicken'"
25,29,dukkan burger,"'Burgers', 'Fast Food'"
26,30,desi fusion restaurant,"'Breakfast', 'BBQ'"
27,31,the palace restaurant,"'Asian', 'Soup'"
28,32,bu shanab restaurant,"'Pizza', 'Arabic', 'Sandwiches'"
29,33,kane mochi cafe,"'Frozen Yogurt', 'Desserts'"
30,34,bayet aldafour mandi,'Street food'
31,35,besbas restaurant,"'Qatari', 'Fast Food', 'Pizza'"
32,36,84 cafe,"'Street food', 'Asian'"
33,38,banana restaurant,"'Burgers', 'Sandwiches'"
34,40,open arabia,"'Mezze', 'Grills', 'Turkish'"
35,41,awani,"'BBQ', 'Grills'"
36,42,beirut afandi hilton west bay,"'Lebanese', 'Grills', 'Sandwiches'"
37,43,forn alkabaz for pies and pastries,"'Pastries & Sweets', 'Pizza'"
38,44,shay & rqaq,"'Qatari', 'Cafe', 'Sandwiches'"
39,45,aloosh,"'Iraqi', 'Grills', 'Sandwiches'"
40,46,aush al bulbul,'Arabic'
41,48,le chocolat,'Chocolate'
42,49,sea gate restaurant,"'Lebanese', 'Arabic'"
43,50,caffe concerto,"'Coffee', 'Cakes'"
44,51,joon persian eatery and deli,"'Iranian', 'Arabic', 'International'"
45,52,classic specialty coffee,"'Cafe', 'Desserts'"
46,53,smash burgers,"'Burgers', 'Fast Food'"
47,54,vazhiyoram restaurant,"'Chinese', 'Biryani', 'Street food'"
48,55,reboost restaurant,"'Healthy', 'Beverages', 'Desserts'"
49,56,taha restaurant,'Egyptian'
50,57,shujaa restaurant,"'Breakfast', 'BBQ'"
51,58,gulf sea restaurant,"'Qatari', 'Mandi', 'Seafood'"
52,59,naanaa restaurant,"'Arabic', 'Turkish'"
53,60,quickly flowers,'Flowers'
54,61,bake 46,"'Indian', 'Arabic'"
55,62,tamils restaurant,"'Noodles', 'Seafood'"
56,63,espressolab,"'Beverages', 'Coffee', 'Milkshakes'"
57,64,candy land,"'Cakes and Desserts', 'Arabic'"
58,65,crave,"'Healthy', 'Beverages', 'Burgers'"
59,66,rose room flowers,'Flowers'
60,67,kebab yakyaki restaurant,"'Arabic', 'Beverages', 'Kebab'"
61,68,chaigram,"'Burgers', 'Sandwiches', 'Juices', 'Breakfast'"
62,69,just loaf,"'American', 'Burgers', 'Fast Food'"
63,70,thira  kitchen,'International'
64,71,arman kitchens iranian food,"'Iranian', 'Biryani', 'Grills'"
65,72,masaya catering,"'Lebanese', 'Arabic'"
66,73,the pearl of mansaf restaurant,"'Arabic', 'Jordanian', 'BBQ'"
67,74,karamath's restaurant,"'Indian', 'Desserts'"
68,75,sos cafe,"'Breakfast', 'Cafe', 'Desserts'"
69,77,royal nuts,"'Flowers', 'Chocolate'"
70,78,lamazani grill,"'Kebab', 'Grills', 'BBQ'"
71,79,lyari darbar,"'Pakistani', 'Curry', 'Biryani'"
72,80,eggspectation,"'Wraps', 'American', 'Breakfast'"
73,81,cafeteria al farjah,"'Cafeteria', 'Sandwiches', 'Arabic'"
74,83,trapani restaurant,"'Pizza', 'Healthy', 'Italian'"
75,84,choowy goowy,"'Cakes', 'Desserts', 'Beverages'"
76,85,tea caf,"'Coffee', 'Cakes'"
77,86,african lions restaurant,'International'
78,88,al shahoof for popular foods,"'Qatari', 'Kebab', 'Grills'"
79,89,tasmeem flowers & chocolates,'Flowers'
80,90,deccan house restaurant,"'Curry', 'Indian', 'Cafeteria'"
81,91,sunday dine,"'Indian', 'South indian'"
82,92,sheel w mshy restaurant,"'Syrian', 'Breakfast', 'Sandwiches'"
83,93,hapag kainan,'Filipino'
84,94,top sweet,"'Arabic Sweets', 'Cakes', 'Desserts'"
85,95,diet house,"'Healthy', 'Breakfast', 'Qatari'"
86,96,q twenty two trading,'Healthy'
87,97,lecce restaurant,"'Italian', 'Pasta', 'Fast Food'"
88,98,rolls & sliders,"'Burgers', 'Fast Food', 'American'"
89,100,restaurant royal apple,"'Pakistani', 'Indian', 'Arabic'"
90,101,istanbul sultan's cake,"'Coffee', 'Cafe'"
91,103,zad w melh restaurant,"'Grills', 'Arabic'"
92,104,al matar amwaj restaurant,"'Chinese', 'Bowls', 'Dumplings'"
93,105,p.f chang's,"'Noodles', 'Chinese', 'Asian'"
94,106,new south indian restaurant,"'South indian', 'Biryani', 'Breakfast'"
95,107,shamrock tavern,"'Street food', 'Sandwiches'"
96,108,miftah w finjan,"'Chicken', 'Burgers', 'Grills'"
97,109,army burger,"'Burgers', 'Sandwiches', 'American'"
98,110,mr juice,"'Beverages', 'Ice cream', 'Desserts'"
99,112,poppy pop,"'Cakes', 'Cafe'"
100,113,nabeel nafesah sweets,'Desserts'
101,114,biriyani hut,"'Indian', 'Biryani', 'Street food'"
102,115,qgrabs,'Electronics'
103,116,godavari andhra,"'Breakfast', 'BBQ'"
104,117,the last pizza,"'Pizza', 'Wings', 'American'"
105,118,larissa gardens,'Flowers'
106,119,mr. appetizer restaurant,"'Curry', 'Biryani', 'Burgers'"
107,120,pasta alfreej,"'Italian', 'Pizza', 'Pasta'"
108,121,indigrill,"'Indian', 'Snacks', 'Street food'"
109,122,shako mako,"'Sandwiches', 'Shawarma'"
110,124,turkey restaurant,"'Turkish', 'Grills'"
111,125,galler chocolaterie,'Chocolate'
112,128,iburger,"'American', 'Burgers', 'Fast Food'"
113,130,alma,"'Cafe', 'Desserts', 'Healthy'"
114,131,the aviator lounge,"'International', 'Fast Food', 'Cafe'"
115,132,the chef restaurant,"'Chinese', 'Thai', 'Noodles'"
116,133,momoouche,"'Manaqeesh', 'Lebanese', 'Pastries'"
117,134,canopus cafe,"'Beverages', 'Desserts'"
118,135,al mudef kitchens,"'Qatari', 'Salad', 'Biryani'"
119,136,mumbai spices,"'Indian', 'Chinese', 'Biryani'"
120,137,the rare burger,"'Burgers', 'Sandwiches'"
121,138,yoko sizzlers,"'Chinese', 'International', 'Noodles'"
122,140,palace of flowers,'Flowers'
123,141,al arrab coffee,'Cafe'
124,142,diwaniyat al boukhari,"'Grills', 'Shawarma', 'Biryani'"
125,143,cafeteria weld al haj,"'Tunisian ', 'Sandwiches'"
126,144,hrri cafe,"'Desserts', 'Cafe'"
127,145,express way trading,'Electronics'
128,147,zaiqa,"'Indian', 'Pakistani', 'Biryani'"
129,148,fruit bouquet,"'Pastries', 'Sandwiches', 'Arabic'"
130,149,cupcake queen,"'Cakes', 'Pastries', 'Desserts'"
131,150,al sompok banquets food popular kitchen,"'Qatari', 'Salad', 'Biryani'"
132,152,sandwich bar,"'Bakery', 'Sandwiches', 'Pies'"
133,153,fresh meal restaurant,"'Juices', 'Burgers'"
134,154,jungle juice,"'Smoothies', 'International', 'Beverages'"
135,155,bait al majbous restaurant,"'Qatari', 'Catering ', 'Mandi'"
136,156,jasmin thai restaurant,"'Chinese', 'Noodles', 'Seafood'"
137,157,dzive cafe,"'Cafe', 'Desserts', 'Pastries & Sweets'"
138,158,hollywood stars,"'Fast Food', 'Sandwiches', 'Pasta'"
139,159,steam cafe,"'Cafe', 'Beverages', 'Cakes'"
140,160,madhaq,"'Arabic', 'Pies', 'Bakery'"
142,162,pate sucree,"'Desserts', 'Snacks', 'Bakery'"
143,163,kabul restaurant,"'Pakistani', 'Indian'"
144,164,fleurs et café,"'Coffee', 'Cafe'"
145,165,ala turca restaurant,"'Turkish', 'Arabic'"
146,166,pinkberry,"'Frozen Yogurt', 'Ice cream', 'Desserts'"
147,167,modern asian restaurant,"'Pakistani', 'Curry', 'Biryani'"
149,169,restaurant bab el kairouan,"'Tunisian ', 'Arabic', 'Sandwiches'"
150,170,cold stone creamery,"'Chocolate', 'Cakes', 'Desserts'"
151,171,fatatri,"'Egyptian', 'Pies', 'Breakfast'"
152,173,thek restaurant,"'Pizza', 'Indian', 'Healthy'"
153,175,copacabana restaurant,"'Seafood', 'Kebab'"
154,176,fatayer station,"'Pastries', 'Arabic'"
155,177,chubby balls,"'American', 'Breakfast', 'Desserts'"
156,178,mandala restaurant,"'Sandwiches', 'Indian', 'Grills'"
157,179,ideal diet,"'International', 'Keto', 'Healthy'"
158,180,mansaf al bawadi restaurant,"'Mandi', 'Biryani'"
159,181,jaal restaurant,'Indian'
160,182,sugar and spice,"'Qatari', 'Cakes', 'Cafe'"
161,183,luca,"'Italian', 'Pizza', 'Pasta'"
162,185,burger time,"'American', 'Burgers', 'Pasta'"
163,186,tanor goha,"'Lebanese', 'Pastries', 'Pies'"
164,187,wahet al sham,"'Arabic', 'Grills'"
165,188,fiori flower and chocolate,'Flowers'
166,189,cafe morindo,"'Waffles', 'Cafe', 'International'"
167,190,diet shop by diet center,"'Healthy', 'Breakfast', 'Burgers', 'Desserts', 'Pizza'"
168,191,lifestyle district cafe,"'Cafe', 'Coffee'"
169,192,kandaka restaurant,'Arabic'
170,193,blue fig restaurant,"'Pizza', 'Healthy', 'Italian'"
171,194,feuille d'or kitchens,"'Desserts', 'Chocolate', 'Pastries'"
172,195,375 chicken n fries,"'American', 'Burgers', 'Sandwiches'"
173,196,my bake,'Chocolate'
174,197,nomad coffee,"'Coffee', 'Cafe'"
175,199,grand joud cafe,"'Arabic', 'Grills', 'Qatari'"
176,200,manaeesho pastries,"'Pastries & Sweets', 'Sandwiches', 'Pizza'"
177,201,pasta workshop,"'Italian', 'Pizza', 'Pasta'"
178,202,papa patata,"'Baked potatoes', 'Bakery', 'International'"
179,203,le monot gourmet,"'Lebanese', 'Grills'"
180,204,hot shot cafe,"'Beverages', 'Desserts', 'International'"
181,205,punjab restaurant,"'Asian', 'Soup', 'Salad'"
182,206,lazaros portuguese cuisine,'International'
183,207,fruity floats cafe,"'Qatari', 'Cakes', 'Desserts'"
185,209,konouz al bahr seafood restaurant,"'Seafood', 'Pizza', 'Soup', 'Fish & chips'"
186,210,fudo restaurant,"'Sushi', 'Japanese', 'Asian'"
187,211,richrich cafe,"'Cafe', 'Ice Cream', 'Cakes and Desserts'"
188,212,tawle restaurant,"'Lebanese', 'Sandwiches'"
189,213,little sailor express,"'Biryani', 'Snacks'"
190,214,fay beirut restaurant,"'Qatari', 'Mezze', 'Grills'"
191,216,volar,'Electronics'
192,218,rbyana seafoods,"'Seafood', 'Qatari', 'Sushi'"
193,219,vatel restaurant,"'Qatari', 'Fast Food', 'Pizza'"
194,220,le vesuvio restaurant,"'Italian', 'Pizza'"
195,221,al reem lebanese bakery,"'Lebanese', 'Manaqeesh', 'Bakery'"
196,222,alosra,"'Indian', 'Pasta', 'Pizza'"
197,223,dairy queen,"'Burgers', 'Fast Food', 'American'"
198,224,al majles al diyafa,"'Egyptian', 'Breakfast', 'Grills'"
199,225,bold coffee,"'Cafe', 'Desserts', 'Cakes'"
200,227,auntie anne's,"'American', 'Sandwiches', 'Pizza'"
201,228,hookies cookies,"'Desserts', 'Chocolate'"
203,230,sumo sushi & bento,"'Sushi', 'Seafood', 'Japanese'"
204,231,creams restaurant,"'Arabic', 'Bakery'"
205,232,taste of asia restaurant,"'Snacks', 'Biryani'"
206,233,batteel café,"'Cafe', 'Arabic', 'International'"
207,234,al yasmeen flowers,'Flowers'
208,235,another slider,"'Burgers', 'Fast Food'"
209,236,capital coffee,"'Qatari', 'Coffee', 'Cafe'"
210,237,chtoura restaurant,"'Turkish', 'Grills', 'Lebanese'"
211,238,louis eatery,"'Burgers', 'American', 'Breakfast'"
212,239,al mazaya kitchens,"'Qatari', 'Salad', 'Chicken'"
213,240,dabaiwa restaurant,"'Sandwiches', 'Arabic', 'Cafe'"
214,241,hudson tavern,"'Burgers', 'Sandwiches'"
215,242,lira restaurant,"'Arabic', 'Breakfast', 'Grills'"
216,243,petunia flowers and gifts,'Flowers'
217,244,tasty tea,"'Burgers', 'Fast Food'"
219,246,museum restaurant,"'Burgers', 'Grills', 'International'"
220,247,subway,"'Healthy', 'Vegetarian', 'Sandwiches'"
221,248,gluten free restaurant,'Healthy'
222,249,mille-feuille bakery & sweets,"'Arabic Sweets', 'Cakes'"
223,250,bun guru restaurant,"'Qatari', 'Coffee', 'Breakfast'"
224,251,jamaco restaurant,"'Qatari', 'Juices', 'Chicken'"
225,252,rtt cafe,"'Arabic', 'Asian', 'Breakfast'"
226,254,eureka bakery,"'Lebanese', 'Manaqeesh', 'Bakery'"
227,255,yee hwa qokio,'Asian'
228,256,new kamayan restaurant,"'Filipino', 'Noodles'"
229,257,le lifan for sweet trading,"'Desserts', 'French', 'Chocolate'"
230,258,bob burger,"'Burgers', 'Sandwiches', 'American'"
231,260,zain sweets and pastries,"'Coffee', 'Cafe'"
232,261,la patisserie,"'Pizza', 'Seafood', 'Italian'"
233,262,cappi chai,"'Fast Food', 'Snacks', 'Sandwiches'"
234,263,sweet sensation for sweets and pastry,"'Desserts', 'Pastries'"
235,264,bes tea by milk tea & co.,"'Bubble tea', 'Cafe', 'International'"
236,265,medium cafe,"'Cafe', 'Coffee'"
237,266,magnet cafe,"'Cafe', 'Qatari'"
238,267,diet karak,"'Burgers', 'Cafeteria'"
239,268,the local,"'Arabic', 'Asian', 'Sandwiches'"
240,269,qaleat barzan kitchens,"'Arabic', 'Fast Food', 'Salad'"
241,270,al mashreq dietary supplements,'Supplement'
242,271,msian cafe,"'Cafe', 'Coffee'"
243,272,forno bakery,"'Qatari', 'Bakery', 'Grills'"
244,273,cafe pause factory,"'Cafe', 'Desserts', 'Coffee'"
245,274,roost,"'Fast Food', 'Burgers'"
246,275,cake o'clock,'Desserts'
247,277,the rice and the noodle,"'Chinese', 'Asian', 'Sushi'"
248,278,gastronomy,"'Healthy', 'International', 'Cafe', 'Desserts'"
249,279,zanjabeel,"'Burgers', 'Cafeteria'"
250,282,arbel pastry,"'Qatari', 'Arabic Sweets', 'Pastries'"
251,283,seven grams cafe,"'Cakes', 'Bakery', 'Cafe'"
252,284,churros cafe,"'Churros', 'Desserts', 'Fast Food'"
253,285,amwaj pinoy restaurant,"'Filipino', 'Indian', 'Asian'"
254,286,al ghariyah kitchens,"'Qatari', 'Mandi', 'Grills'"
255,288,pierre herme paris,"'French', 'Cakes', 'Desserts'"
256,289,sinyar cafe,"'Cafe', 'Desserts', 'Coffee'"
257,290,al markhiya restaurant and kitchen,"'Grills', 'Asian', 'Noodles'"
258,291,chicken choice,"'Chicken', 'Beverages', 'Sandwiches'"
259,293,inihaw time,"'Filipino', 'Asian', 'Noodles'"
260,295,seven s trading,"'Cafe', 'Desserts', 'Beverages'"
261,296,shawerma boutique,"'Doner', 'Street food'"
262,297,the avocado house,"'Keto', 'Healthy'"
263,298,deli kitchen,'International'
264,299,shai ummi,"'Shawarma', 'International', 'Juices'"
265,300,fish house,"'Arabic', 'Seafood', 'Egyptian'"
266,301,riyasat,"'Curry', 'Indian', 'Vegetarian'"
267,302,la chandelle,"'Cafe', 'Desserts'"
268,303,al aker bakery and cold store,'Arabic'
269,304,fargo coffee co.,"'Cafe', 'Coffee'"
270,305,arabian mandhi,"'Arabic', 'Mandi', 'Grills'"
271,306,touch of sweets,'Chocolate'
272,307,lalqila restaurant,"'Indian', 'BBQ', 'Grills'"
273,308,go hoops,"'American', 'Sandwiches'"
274,309,laayonak turkish restaurant,"'Pastries', 'Grills', 'Shawarma'"
275,310,al aqid kitchens,"'Qatari', 'Arabic', 'Biryani'"
276,311,central cafeteria,"'Breakfast', 'Sandwiches', 'Beverages'"
278,314,torte delizia coffee shop,"'Cakes', 'Cafe'"
279,315,outlier specialty coffee,"'Cafe', 'Desserts', 'Juices'"
280,318,healthy juice,"'Beverages', 'Sandwiches'"
281,320,december cafe,"'Coffee', 'Cafe', 'Cakes'"
282,322,new kookh al shaay,"'American', 'Burgers', 'Cafe'"
283,323,aey cappuccino,"'Cafe', 'Desserts', 'Chocolate'"
284,324,baha,'Egyptian'
285,325,cheese fountain restaurant,"'Burgers', 'Fast Food', 'American'"
286,326,hungry hippo,"'Chinese', 'Asian', 'Dumplings', 'Breakfast'"
287,327,cono warma,"'Doner', 'Street food', 'Lebanese'"
288,331,the rose yard cafe,"'Desserts', 'Beverages', 'Cafe'"
289,332,three peppers,"'Chinese', 'Noodles', 'Seafood'"
290,333,falk tayb,'Arabic'
291,334,thai society,"'Thai', 'Asian', 'Chinese'"
292,335,blue signature café,"'Crepes', 'Cafe', 'Beverages'"
293,336,millor cafe,"'Coffee', 'Cafe', 'Desserts'"
294,337,bursa istanbul central restaurant,"'Turkish', 'Shawarma', 'Sandwiches'"
295,338,al jud castle,"'Arabic', 'Shawarma', 'Grills'"
296,339,penguin restaurant,"'Fried Chicken', 'International', 'Fast Food'"
297,340,mtabkh shghl adl,"'Qatari', 'Salad', 'Seafood'"
298,341,ice cube,"'American', 'Desserts', 'Crepes'"
299,343,broaster food,"'Chicken', 'Fast Food', 'Fried Chicken'"
300,344,kadavu restaurant & grill,"'Asian', 'Pasta', 'Soup'"
301,345,babu ji,"'Indian', 'Curry', 'Street food'"
302,347,iceland cafe,"'Desserts', 'Beverages', 'Sandwiches'"
303,348,sweet luna,"'Arabic Sweets', 'Desserts', 'Qatari'"
304,350,wasf bakery,"'Bakery', 'Desserts', 'Bakery'"
305,351,qqq burger,"'Burgers', 'Fast Food'"
306,353,seasons kitchen,"'Seafood', 'Pasta', 'Biryani'"
307,354,flame,"'American', 'Desserts', 'Fast Food'"
308,355,societe,"'International', 'Cakes', 'Desserts'"
309,357,low carb restaurant,"'Healthy', 'Sandwiches'"
310,359,madaen al sham restaurant,"'Syrian', 'Grills', 'Mezze'"
311,360,chhiwat kawtar elfassia,'Moroccan'
312,361,oriental bowl,"'Curry', 'Indian', 'Bowls'"
313,362,raju omlet center,"'Qatari', 'Curry', 'Street food'"
314,364,iceberg house of falooda,"'Arabic Sweets', 'Chocolate', 'Beverages'"
315,365,shawarma and grills,"'Grills', 'Arabic', 'Shawarma'"
316,366,sahtein,"'Grills', 'Sandwiches', 'Turkish', 'Shawarma'"
317,367,karak nadia,"'Arabic', 'Breakfast'"
318,368,neo,"'Asian', 'Sushi', 'Seafood'"
319,370,chia nation,"'Healthy', 'Breakfast'"
320,371,second cup,"'Coffee', 'Cafe'"
321,372,phone booth,'Electronics'
322,373,beste and more trading,'Electronics'
323,374,dunia,"'Mezze', 'Lebanese', 'Arabic'"
324,375,aklat banat al arab kitchen,"'Arabic', 'Salad', 'Sandwiches'"
325,377,barza restaurant,"'Turkish', 'Shawarma & Doner'"
327,380,rosita's karinderya at panaderya,"'Noodles', 'Thai', 'Bowls'"
328,381,karak stop,"'Qatari', 'Pastries', 'Sandwiches'"
329,382,yee hwa restaurant,"'Sushi', 'Seafood', 'Japanese'"
330,383,behesht restaurant,"'Iranian', 'Biryani', 'Grills'"
331,384,dunya aljambiri,'Seafood'
332,385,wakrah paragon restaurant,"'Chinese', 'Biryani', 'Street food'"
333,386,al manqal kitchen feast,'Iranian'
334,387,top burger original,'Burgers'
335,388,shwaiat al khalij,"'Qatari', 'Arabic', 'Grills'"
336,389,asseer time,"'Beverages', 'Ice cream', 'Desserts'"
337,391,news burgers,"'Burgers', 'Sandwiches'"
338,392,wraps and chips,"'Qatari', 'Wraps', 'Sandwiches'"
339,393,the rustic loft restaurant,"'Breakfast', 'Grills', 'BBQ'"
340,394,la otra cafe,"'Breakfast', 'Desserts', 'Coffee'"
341,395,shaikha bakery,'Bakery'
342,396,majlis al rayyan  restaurant,"'Qatari', 'Shawarma', 'Grills'"
343,397,fegato casa,"'Arabic', 'Sandwiches'"
344,398,thunder wings,"'Wings', 'American', 'Burgers'"
345,400,magnolia bakery,"'Cakes', 'Bakery', 'Desserts'"
346,402,mrs.fields cookies,"'Desserts', 'Beverages', 'Cakes'"
347,403,the cheesecake factory,"'American', 'Burgers', 'Cakes'"
348,406,mtabakh al-blad al-sh`byh,"'Qatari', 'Mandi', 'Grills'"
349,407,noble burgers,"'Burgers', 'Wings', 'American'"
350,408,panama coffee,"'Coffee', 'Cafe', 'Cakes'"
351,409,ocean chef restaurant,"'Healthy', 'Arabic', 'Asian', 'Mexican', 'Italian'"
352,412,hum num,"'Burgers', 'Fast Food'"
353,414,1582 specialty coffee,"'Cakes', 'Desserts'"
354,416,baladna express,"'Sandwiches', 'Arabic', 'Shawarma'"
355,417,al masa computers,'Electronics'
356,418,tea and glory,"'Cafe', 'Sandwiches'"
357,419,morning mood,"'Bahraini', 'Beverages', 'Arabic Sweets'"
358,421,eli france cafe,"'Sandwiches', 'BBQ', 'Breakfast'"
359,422,west village restaurant,"'British', 'Acai', 'Desserts'"
360,424,alsahran restaurant,"'Qatari', 'BBQ', 'Burgers'"
361,425,offside juice,"'Desserts', 'Cakes', 'Cafe'"
362,426,ahla istanbul restaurant,"'Turkish', 'Shawarma', 'Grills'"
363,428,yamali sham restaurant,"'Syrian', 'Breakfast', 'Grills'"
364,429,mushairib kitchens,"'Arabic', 'Qatari'"
365,430,chaplin restaurant,"'Sandwiches', 'International', 'Fast Food'"
366,431,diet art restaurant,"'Healthy', 'Sandwiches'"
367,432,boishakhi restaurant,"'Indian', 'Chinese', 'Arabic'"
368,433,maison de sushi,"'Japanese', 'Sushi'"
369,434,la parrilla,"'Qatari', 'Fast Food', 'Burgers'"
370,435,al khaima restaurant,"'Lebanese', 'BBQ', 'Grills'"
371,436,take away restaurant,"'Wraps', 'Grills', 'Qatari'"
372,438,steako restaurant,"'American', 'Burgers'"
374,440,gulf broasted restaurant,"'American', 'Grills', 'Fried Chicken'"
375,441,dinara kasko pastry art,"'Cakes', 'Pastries', 'Desserts'"
376,442,alharfey public kitchen,"'Qatari', 'Mandi', 'Biryani'"
377,443,the central kitchen,"'Sandwiches', 'Chicken'"
378,444,karak mqanes,"'Beverages', 'Cafe', 'Sandwiches'"
379,445,toscana,"'Cakes', 'Desserts', 'Chocolate'"
380,446,chili's,"'Burgers', 'Mexican', 'American'"
381,448,oriental wok restaurant,"'Indian', 'Chinese', 'Sandwiches'"
382,449,tea social cafe,"'Bubble tea', 'Juices'"
383,451,al manqal kitchen catering,"'Qatari', 'BBQ', 'Grills'"
384,453,mojito and sweets cafe,"'Cafe', 'Coffee'"
385,455,hadeem dates & sweets,"'Qatari', 'Arabic Sweets', 'Desserts'"
386,458,bahay kubo,"'Filipino', 'Seafood', 'Noodles'"
387,459,the mezze house,"'Seafood', 'Mandi'"
388,461,al huda restaurant,"'Mezze', 'Arabic'"
389,462,baumkuchen,"'Cakes', 'Desserts', 'Qatari'"
390,464,tofu house restaurant,"'Korean', 'Asian', 'Noodles'"
391,465,curiocity play cafe,"'Sandwiches', 'International', 'Cafe'"
392,466,dosa street,"'Asian', 'Biryani', 'Street food'"
393,467,am pm coffee,"'Coffee', 'Desserts'"
394,468,meraki,"'Sushi', 'Seafood', 'Japanese'"
395,469,infinity restaurant,"'International', 'Pastries', 'Italian'"
396,470,le soins beauty products,'International'
397,471,chips & dips,"'Burgers', 'Fast Food'"
398,472,deerit hali restaurant,"'Arabic', 'Pastries', 'Grills'"
399,474,cafe como,"'Coffee', 'Cafe', 'Cakes'"
400,475,chocolate coffee lounge,"'Desserts', 'Coffee', 'Churros'"
401,477,noor asian restaurant,"'Asian', 'Indian', 'Pakistani'"
402,478,the eclair kitchen,"'Qatari', 'Arabic Sweets', 'Cakes'"
403,479,icy bun,"'Ice cream', 'Desserts', 'International'"
404,480,cherry blossom flowers & coffee shop,"'Flowers', 'Cafe'"
405,481,loming barako,"'Asian', 'Seafood', 'Chicken'"
406,482,brooks cafe,"'Fast Food', 'Sandwiches', 'Desserts'"
407,484,papa john's,"'Pizza', 'Fast Food', 'American'"
408,485,managish al dayaa,"'Qatari', 'Manaqeesh', 'Bakery'"
409,488,zahar cafe,"'Arabic', 'Breakfast'"
410,489,shreeji restaurant,"'Breakfast', 'Juices', 'Curry'"
411,490,baghdad kitchens,"'Iraqi', 'Grills', 'Fast Food'"
412,491,granola acai,"'International', 'Cakes', 'Desserts'"
413,493,baharestan traditional food restaurant,"'Arabic', 'BBQ', 'Qatari'"
414,494,miky's,"'Italian', 'Pasta', 'Fast Food'"
415,495,mango mania,'Desserts'
416,496,yummy corn,'Desserts'
417,497,teeffee cafeteria and restaurant,"'Cafeteria', 'Biryani', 'Asian'"
418,498,great restaurant,"'International', 'Cafeteria', 'Burgers'"
419,500,blue coffee and dessert,'Cafe'
420,501,staybridge eatery,"'International', 'Beverages', 'Juices'"
421,502,hala kitchen,"'Pizza', 'Beverages'"
422,503,omar al khahayam bakery,"'Manaqeesh', 'Pastries'"
423,505,fruitlicious,"'Beverages', 'Desserts', 'Healthy'"
424,506,there there restaurant,"'Pizza', 'Healthy', 'Italian'"
425,507,harbor restaurant,"'Seafood', 'Biryani', 'Grills'"
426,508,coffeeholic,"'Coffee', 'Cafe'"
427,509,albayt alfarsi restaurant,"'Iranian', 'Arabic', 'Grills'"
428,510,q toys,'Electronics'
429,511,chocolate empire,"'Chocolate', 'Desserts'"
430,512,parfait chocolate,"'Beverages', 'Ice cream', 'Desserts'"
431,513,sidi mansour,"'Tunisian ', 'Grills', 'Sandwiches'"
432,516,raanthal restaurant,"'Chinese', 'Biryani', 'Street food'"
433,518,khosh kabab,"'Kebab', 'Grills', 'BBQ'"
434,519,crazy leaves restaurant,'Arabic'
435,521,pistacolate,"'Chocolate', 'Arabic Sweets', 'Cakes'"
436,523,komar pot for indian food,"'Qatari', 'Curry', 'Biryani'"
437,525,crab and shrimp restaurant,"'Fish & chips', 'Seafood'"
438,526,sawdaa cafe,"'Cafe', 'Pastries', 'Ice cream'"
439,527,grasp,"'Burgers', 'American', 'Breakfast'"
440,529,batteel bakery,"'Cafe', 'Sandwiches', 'Desserts'"
441,530,ocho restaurant,"'Sandwiches', 'Snacks'"
442,531,tea republic cafeteria,"'Burgers', 'Cafeteria'"
443,532,khan l konafa,"'Arabic Sweets', 'Cakes', 'Cafe'"
444,533,la otra,'Flowers'
445,534,baaya,"'Lebanese', 'Fast Food', 'Breakfast'"
446,535,philly's steak & cheese,'American'
447,537,fleurs coupees,'Flowers'
448,538,evening spice,"'Fish & chips', 'Seafood'"
449,539,sultani restaurant,"'Biryani', 'Fried Chicken'"
450,541,icicles,'Desserts'
451,542,tea hub,'Sandwiches'
452,543,lit cafe,"'Cafe', 'Desserts', 'Beverages'"
453,544,haagen dazs,"'Desserts', 'Ice Cream'"
454,545,poori & karak,"'Street food', 'Arabic', 'Asian'"
455,547,dagous,"'Qatari', 'Arabic', 'Biryani'"
456,548,cuppers coffee,"'Cafe', 'Desserts'"
457,549,cocomas,"'Sandwiches', 'Indian', 'Fast Food'"
458,552,black roast cafe,"'Cafe', 'Desserts', 'Healthy'"
459,553,al thawq al moutamaiz kitchen,"'Qatari', 'BBQ', 'Grills'"
460,554,tiger cookies,"'Desserts', 'Chocolate', 'Cafe'"
461,555,the breakfast club,"'Pancakes', 'American', 'Breakfast'"
462,556,maate flowers,'Flowers'
463,558,hymn cafe,"'Street food', 'Sandwiches'"
464,560,mr. broast hydrebadi spices,"'Breakfast', 'Indian'"
465,561,verjus bites,"'Street food', 'Sandwiches'"
466,563,abocado,"'Mexican', 'Tacos', 'Grills'"
467,564,pastry for all tastes,'Pastries & Sweets'
468,565,quppa cafe,"'Cafe', 'Desserts', 'International'"
469,566,hbm cafe,"'Cafe', 'Desserts'"
470,567,albait alkuwaiti,"'Grills', 'Arabic', 'Asian'"
471,571,fel o yasmine,"'Tunisian ', 'Grills', 'Sandwiches'"
472,573,hen made,'Burgers'
473,574,doha house restaurant,"'Chinese', 'Biryani', 'Street food'"
474,576,love diet food,'Healthy'
475,577,v burger,"'American', 'Seafood', 'Sushi'"
476,579,darb al zalaq kitchen,"'Qatari', 'Mandi', 'Grills'"
477,580,la peonia flowers and chocolate,'Flowers'
478,581,zinger factory,"'Burgers', 'Cafe', 'Pasta'"
479,582,super diet restaurant,"'Fast Food', 'Breakfast', 'Sandwiches'"
480,584,project pizza,"'Pizza', 'Breakfast', 'Italian'"
481,585,al nigyan kitchen,"'Qatari', 'Biryani', 'Grills'"
482,586,calm street,"'Cafe', 'Desserts', 'Juices'"
483,588,laylamoon bakery,"'Bakery', 'Desserts'"
484,589,crafter cafe,"'International', 'Cafe'"
485,590,lala restaurant,"'International', 'Qatari'"
486,591,delicious burger hut,"'Burgers', 'Sandwiches', 'Fast Food'"
487,592,fantasy events,"'Flowers', 'Chocolate'"
488,594,divan,"'Iranian', 'Grills'"
489,595,ezz al sham restaurant,"'Syrian', 'Grills', 'Sandwiches', 'Shawarma', 'Pastries'"
490,596,foodies junction,'Indian'
491,597,shebestan palace restaurant,"'Chicken', 'Grills'"
492,598,mehek,'Indian'
493,600,fattah and daah,"'Arabic', 'International', 'Egyptian'"
494,601,chicken pop,"'American', 'Sandwiches', 'International', 'Fried Chicken'"
495,602,vesuvius pizza,"'Italian', 'Pizza'"
496,603,deccan deewan kitchen,"'Indian', 'BBQ', 'Biryani'"
497,604,karak mudeer,"'Cafe', 'International', 'Breakfast'"
498,606,mr. gurkan steak house,"'Steaks', 'Grills', 'BBQ'"
499,608,220 two twenty restaurant,'Burgers'
500,609,la pearla chocolate & flowers,'Flowers'
501,610,1389 cafe,"'Cafe', 'Beverages'"
502,611,taaza cafe,"'Street food', 'Sandwiches'"
503,612,shafaq restaurant,"'Arabic', 'Grills'"
504,614,just fresh,"'Cakes', 'Desserts'"
505,615,baba tea,"'Sandwiches', 'Burgers'"
506,617,le pavilion cafe,"'Arabic', 'Sandwiches', 'Pizza'"
507,619,eclat cakes and chocolate,"'Cakes and Desserts', 'Pastries & Sweets', 'Chocolate'"
508,620,jamie oliver's pizzeria,"'Pizza', 'Italian'"
509,621,moi for sweet & chocolate,"'Lebanese', 'Desserts', 'Breakfast'"
510,622,sooq waqif kitchen,"'Arabic', 'Biryani'"
511,623,hyderabad palace restaurant,"'Breakfast', 'Indian', 'Asian'"
512,624,gossip cafe,"'Cafe', 'Desserts', 'Bubble tea'"
513,625,chop'd restaurant,"'Salad', 'Healthy', 'Juices'"
514,627,sawani al aker,"'Lebanese', 'Sandwiches'"
515,629,santa nata,"'Cakes', 'Desserts', 'International'"
516,630,al samk al mahleey,'Seafood'
517,632,pampangenos,"'Filipino', 'Chicken', 'Noodles'"
518,633,bzar restaurant,"'Arabic', 'International'"
519,634,fat burger,"'Burgers', 'Fast Food', 'American'"
520,635,kebabbq,"'Arabic', 'Pakistani', 'BBQ'"
521,637,ridge la cuisine,"'Sushi', 'Japanese'"
522,639,al saraya turkish restaurant,"'Fast Food', 'Shawarma', 'Grills'"
523,640,dch,"'International', 'Pastries & Sweets', 'Grills'"
525,642,rosehill flowers and chocolate,"'Chocolate', 'Flowers'"
526,644,churros spot café,'Desserts'
527,646,maki restaurant,"'Sushi', 'Soup'"
528,647,chubby crepes,"'American', 'Desserts', 'Crepes'"
529,648,chapati freej,"'Qatari', 'Cakes', 'Pastries'"
530,649,kfc,"'Fried Chicken', 'American', 'Fast Food'"
531,651,just sandwich,"'Sandwiches', 'Breakfast', 'Burgers'"
532,652,vembanad cafeteria,"'Indian', 'Asian'"
533,653,south pearl restaurant,"'Shawarma', 'Grills', 'Arabic'"
534,655,zgerty burger,"'Pizza', 'Cafe', 'Italian'"
535,656,stock burger,"'Burgers', 'Fast Food', 'American'"
536,657,polka restaurant,"'International', 'Dumplings'"
537,658,java u cafe,"'Cakes', 'International', 'Fast Food'"
538,661,jazz cafe,"'Cafe', 'Desserts', 'Breakfast'"
539,662,al hamra restaurant,"'Chicken', 'Grills'"
540,663,kalimera cafeteria,"'Desserts', 'Cakes', 'Cafe'"
541,664,al saa`d ٍsweets pastries and flowers,"'Chocolate', 'Flowers'"
542,665,bayt sharq,"'Biryani', 'Grills'"
543,666,noir e blanc,'Chocolate'
544,667,la bruschetta,"'Italian', 'Pizza', 'Fast Food'"
545,668,the ministry of coffee,"'Coffee', 'Cafe', 'Desserts'"
546,669,mra express,"'Indian', 'Curry', 'Biryani'"
547,670,ohannes,"'Arabic', 'BBQ', 'Grills'"
548,671,milan restaurant,"'Italian', 'Pizza', 'Fast Food'"
549,672,sushinaa,"'Japanese', 'Asian', 'Seafood'"
550,674,1948 restaurant,"'American', 'Burgers', 'Fast Food'"
551,678,la gazele,"'Qatari', 'Arabic Sweets', 'Breakfast'"
552,680,adaar thattukada,"'Breakfast', 'BBQ'"
553,681,pinoy fiesta restaurant,"'Asian', 'BBQ', 'Grills'"
554,682,aromas ootupura,"'Asian', 'Indian', 'Chinese'"
555,686,brisket house restaurant,"'Qatari', 'BBQ', 'Grills'"
556,687,al osra restaurant,"'Seafood', 'Asian', 'BBQ'"
557,688,creams cafe,"'Cafe', 'Sandwiches', 'Desserts'"
558,689,trend restaurant,"'Burgers', 'Fast Food'"
559,690,la casa twenty eight,"'Mediterranean', 'Pizza', 'Pasta'"
561,692,buffalo diet restaurant,"'Salad', 'Healthy'"
562,693,chickito,"'Chicken', 'Sandwiches'"
563,694,malabar palace,"'Asian', 'Fast Food', 'Cafe'"
564,696,little sailor,"'Fish & chips', 'Seafood', 'Arabic'"
565,697,emsayyan,"'Thai', 'Biryani', 'Seafood'"
566,698,cheesy dose restaurant,"'Breakfast', 'Italian', 'Pizza'"
567,699,cucina,"'Pizza', 'Seafood', 'Italian'"
568,700,sidheeque`s falafel,"'Kebab', 'Grills'"
569,701,al saharaa burger,'Burgers'
570,702,qamar beirut,"'Chicken', 'Grills'"
571,704,seasonal tastes by the westin doha hotel,"'Mezze', 'Grills', 'Arabic'"
572,705,hooga cafe,"'International', 'Cakes', 'Desserts'"
573,706,icy melon,"'Qatari', 'Healthy', 'Cakes'"
574,707,azka maza restaurant,"'Arabic', 'Beverages', 'Grills'"
575,708,wooden bakery,"'Lebanese', 'Manaqeesh', 'Bakery'"
576,710,lavania,"'Flowers', 'Grocery'"
577,711,roj cooks,'International'
578,712,kan zaman bakery,"'Grills', 'Sandwiches', 'Shawarma'"
579,713,seef lusail pastries,"'Manaqeesh', 'Lebanese', 'Snacks'"
580,714,red cream,"'Cafe', 'Chocolate', 'Beverages'"
581,715,delhi zaiqa restaurant & sweets,"'Indian', 'Pastries & Sweets', 'Chicken'"
582,717,rabwah restaurant,"'Arabic', 'Beverages', 'BBQ', 'Desserts'"
583,718,al qarmouty seafood,"'Seafood', 'Arabic', 'Fish & chips'"
584,719,rosemary cafe,"'Cakes', 'Cafe', 'International'"
585,721,al nafourah garden,"'Mezze', 'Grills', 'Lebanese'"
586,722,captain billy,"'Seafood', 'Fish & chips'"
587,724,asha's,'Indian'
588,725,my fair sweets,"'Desserts', 'Chocolate'"
589,726,baba chai,"'International', 'Burgers', 'Desserts'"
590,727,roastado,"'Cafe', 'Desserts', 'Juices'"
591,728,roof garden restaurant,"'Breakfast', 'Grills'"
592,729,flower garden,"'Chocolate', 'Flowers'"
593,731,savant cafe,"'Cafe', 'Sandwiches', 'Breakfast'"
594,733,cinnabon,"'Desserts', 'Fruits'"
596,736,monal restaurant,'Pakistani'
597,738,house of royal tea,"'Burgers', 'Cafeteria'"
598,739,twenty eight coffee,"'Desserts', 'Cakes', 'Cafe'"
599,740,tac o tac restaurant,"'Tunisian ', 'Grills', 'Sandwiches'"
600,741,steak and bake,"'Healthy', 'Breakfast', 'Grills'"
601,742,paolo's,"'Pizza', 'Italian'"
602,743,yoza restaurant,"'International', 'Breakfast', 'Pizza'"
603,744,al natel restaurant,'Arabic'
604,745,atma restaurant,'Arabic'
605,746,bent aldeek restaurant,"'Beverages', 'Fast Food', 'Shawarma'"
606,747,tik tok,"'Arabic', 'Fast Food', 'BBQ'"
607,748,thong thai express,"'Asian', 'Thai'"
608,749,1951 cafe,"'Cafe', 'Sandwiches', 'Bakery'"
609,750,majboos al walaida,"'Arabic', 'Qatari'"
610,752,cafeteria fresh burger,"'Snacks', 'Juices', 'Chicken'"
611,754,double a,"'Cafe', 'Desserts', 'International'"
612,755,roxo acai cafe,"'Sandwiches', 'Desserts', 'Beverages'"
613,756,deliziosa restaurant,"'Italian', 'Pizza', 'Fast Food'"
614,757,anjappar restaurant,"'Indian', 'Asian', 'American'"
615,759,al qaim restaurant,"'Curry', 'Biryani', 'BBQ'"
616,760,fantasy events where cakes become art,"'Desserts', 'Chocolate', 'Cakes'"
617,761,megana al sham restaurant,'Arabic'
618,762,marcheese restaurant,"'Burgers', 'Sandwiches', 'American'"
619,763,vamos cafe,"'Pizza', 'Chicken', 'Cafe'"
620,767,his majesty the coffee cafe,"'Cafe', 'Beverages', 'Coffee'"
621,768,il cacao,"'Desserts', 'Beverages', 'Cakes'"
622,773,king fish seafood restaurant,'Seafood'
623,774,ivies cafe,"'Beverages', 'Cafe', 'Desserts'"
624,775,taliano cafe,"'Italian', 'Pizza'"
625,776,yugo,"'Thai', 'Korean', 'Japanese'"
626,777,wendy's,"'Fast Food', 'Juices', 'Sandwiches'"
627,778,orient pearl restaurant,"'Arabic', 'Middle eastern', 'Grills'"
628,779,ozz restaurant,"'Desserts', 'International', 'Cafe'"
629,782,loqma shaheya,"'Grills', 'Shawarma', 'Breakfast'"
630,783,b4 burger,"'Burgers', 'International', 'American'"
631,784,bahjat restaurant,"'Sandwiches', 'Beverages', 'Salad'"
632,785,nook restaurant,"'International', 'Cafe', 'Desserts'"
633,786,koshari station,"'Koshary', 'Egyptian', 'Arabic'"
634,787,konouz cafe,"'Coffee', 'Cafe', 'Desserts'"
636,790,eliaa retsaurant and sweets,"'Arabic', 'Breakfast', 'Desserts'"
637,792,picco café,"'Desserts', 'Cakes', 'Cafe'"
638,793,shakespeare and co. café restaurant,"'Pizza', 'Breakfast', 'Desserts'"
639,794,vapiano,"'Pizza', 'Healthy', 'Italian'"
640,795,botamba traditional kitchen,"'Qatari', 'Kuwaiti', 'Arabic'"
641,798,char restaurant,"'Grills', 'International'"
642,800,oriental restaurant,"'Indian', 'BBQ', 'Grills'"
643,802,greens n wraps,"'Salad', 'Healthy'"
644,804,tawook republic,"'Arabic', 'Grills'"
645,805,trust the process smart gadgets,'Electronics'
646,806,gourmet mezze,"'Turkish', 'Mezze'"
647,808,nourlaya restaurant,"'Qatari', 'Grills'"
648,809,freshii,"'Salad', 'Healthy', 'Mexican'"
649,811,cherry beans,"'Beverages', 'Coffee', 'Desserts'"
650,812,third vibe,"'Cafe', 'Beverages', 'Coffee'"
651,814,tanor goha restaurant,"'Turkish', 'BBQ', 'Grills'"
652,816,humble burgers,"'American', 'Burgers', 'Sliders'"
653,818,tols cafe,"'Cafe', 'Sandwiches', 'Desserts'"
654,819,lolo kitchen,"'Qatari', 'Pasta', 'Bowls'"
656,821,poffy's,"'Desserts', 'Fruits'"
657,822,lantana,"'Cakes', 'Desserts', 'Chocolate'"
658,823,cravings,"'Desserts', 'Healthy', 'International'"
659,827,punjab express,'Pakistani'
660,828,raw health cafe,"'Coffee', 'Cakes'"
661,830,well on restaurant,"'Asian', 'Pasta', 'Soup'"
662,831,royal sweets,"'Flowers', 'Chocolate'"
663,832,karachi grill house,"'Breakfast', 'BBQ'"
664,833,laboca,"'Argentinian', 'Mezze', 'Lebanese', 'Bakery'"
665,834,maha al khaleej cafeteria,"'Chinese', 'Biryani', 'Street food'"
666,836,mashawi istanbul restaurant,"'Grills', 'Turkish'"
667,838,rice & bread,"'Chinese', 'Noodles', 'Seafood'"
668,839,d lounge,"'Desserts', 'Cakes', 'Pastries'"
669,840,marasem for flowers chocolates and events,'Flowers'
670,842,dampa seafood village,"'Seafood', 'Pasta'"
671,843,sij burger,'Burgers'
672,844,hype cafe,"'Burgers', 'Fast Food'"
674,846,nables restaurant,"'Palestinian', 'Beverages', 'Snacks'"
675,847,the flower room,'Flowers'
676,848,al hallab restaurants & sweets,'Desserts'
677,849,riviera,'Flowers'
678,850,capsicum restaurant,"'Pizza', 'Pasta', 'Burgers'"
679,851,cado sweets,"'Desserts', 'Chocolate'"
680,852,khaneen traditional kitchen,"'Kuwaiti', 'Mandi', 'Grills'"
681,854,queen rose coffee,'Cafe'
682,855,hyderabadi daster restaurant,"'Breakfast', 'Indian'"
683,856,alkheesa for traditional food,"'Arabic', 'Chicken', 'Qatari'"
684,858,c house cafe,"'Pizza', 'International', 'Breakfast'"
685,860,softi,"'Desserts', 'International'"
686,861,liwan asthirahath,'Arabic'
687,863,diwania al sharq kitchens and restaurants,"'Grills', 'Biryani'"
688,864,sushi minto,"'Sushi', 'Seafood', 'Japanese'"
689,865,shawarma & more,"'Shawarma', 'Doner'"
690,866,omssiyat restaurant,"'Qatari', 'Shawarma', 'Grills'"
691,867,duke burger house restaurant,"'American', 'Burgers', 'Pizza'"
692,868,rays jerk shack,"'Jamaican', 'Grills', 'Chicken'"
693,870,roll restaurant,"'American', 'Burgers', 'Fast Food'"
694,871,karak spicy,"'Breakfast', 'Sandwiches'"
695,872,costa coffee,"'American', 'Cafe'"
696,873,sanaa restaurant,"'Arabic', 'Yemeni'"
697,874,ipizza,"'Italian', 'Pizza'"
698,876,hawader restaurant,"'Turkish', 'Fast Food'"
699,878,lo spaghetto,"'Pizza', 'Healthy', 'Italian'"
700,879,aush al bulbul,"'Sandwiches', 'Grills'"
701,880,cheese land,"'American', 'Arabic', 'Fast Food'"
702,881,nawar`s bakery,"'Bakery', 'Desserts'"
703,882,new shan lahore,"'Breakfast', 'BBQ'"
704,885,laohu,'Asian'
705,886,malabar cafeteria,"'Chinese', 'Biryani', 'Street food'"
706,887,al diwan al yamani,"'Yemeni', 'Biryani', 'Arabic'"
707,888,red umbrella coffee,"'Cafe', 'Desserts', 'International'"
708,892,hot tea,"'Indian', 'Fast Food', 'Fried Chicken'"
709,894,pilipino restaurant & bakery,"'Pastries', 'Mandi'"
710,895,baleela restaurant and sweets,'Desserts'
711,896,owl specialty coffee,"'Cafe', 'Desserts', 'Beverages'"
712,897,project p,"'Pizza', 'Healthy', 'Italian'"
713,898,al ward al shami,"'Arabic', 'Breakfast', 'Grills'"
714,901,istanbul sultan dining restaurant,"'Turkish', 'Shawarma', 'Grills'"
715,902,the eighty six,"'Cafe', 'Desserts'"
716,904,leau de cafe,"'Cafe', 'Coffee'"
717,907,oasis restaurant,"'Cakes', 'Fruits', 'Desserts'"
718,909,blk cafe,"'French', 'Crepes', 'Desserts'"
719,910,lebami trading and contracting,'Electronics'
720,914,first day burger,"'Burgers', 'Fast Food', 'American'"
721,916,bangalore taj restaurant,"'Breakfast', 'BBQ'"
723,920,restaurant health option,"'Healthy', 'International'"
724,922,nature and more,'Flowers'
725,925,shiraz palace,"'Qatari', 'Biryani', 'Grills'"
726,927,slice it,"'Italian', 'Pizza'"
727,929,gelato mondo,"'Ice cream', 'Desserts', 'Frozen Yogurt'"
728,930,turkish bazaar,"'Turkish', 'Arabic', 'Qatari'"
729,931,two to six coffee,"'Cafe', 'Desserts', 'Juices'"
730,932,shawarma shaheen,"'Shawarma', 'Doner', 'Arabic'"
731,935,cavalier cafe and lounge,"'International', 'Beverages', 'Cafe'"
732,936,n3 espresso bar,"'Cafe', 'Coffee'"
733,938,loading cafeteria,"'BBQ', 'Steaks', 'Fried Chicken'"
734,939,al saj al shami,"'Syrian', 'Manaqeesh', 'Grills'"
735,940,levan,"'Desserts', 'Cakes'"
736,942,time out barbeque and smokehouse,"'American', 'Grills', 'Shawarma'"
737,943,shahad al jazeera,"'Arabic Sweets', 'Desserts', 'Egyptian'"
738,944,silver dragon for food services,"'Japanese', 'Chinese'"
739,945,grill house,"'Asian', 'Biryani', 'Street food'"
740,946,smoothie factory,"'Fast Food', 'Smoothies', 'Sandwiches'"
741,947,thalatheen cafe,"'Healthy', 'Vegan', 'Gluten free'"
742,948,makbaz al dar,"'Pastries', 'Beverages', 'Shawarma'"
743,950,kareem restaurant,"'Breakfast', 'Chicken', 'Falafel'"
744,951,pak pakwan restaurant,"'Pakistani', 'Biryani', 'Indian'"
745,952,corner snack,"'Filipino', 'Breakfast', 'Asian'"
746,953,al gharafa automatic bakery,"'Bakery', 'Desserts', 'Cakes'"
747,954,am to pm cafeteria,"'Burgers', 'Chicken', 'Beverages'"
748,956,khaneen restaurant,"'Qatari', 'Mandi', 'Grills'"
749,957,cheese & olives,"'Pastries', 'Doner', 'Fried Chicken', 'Shawarma'"
750,961,minus one cafe,"'Cafe', 'Desserts', 'Juices'"
751,962,royal mehfil restaurant,"'Breakfast', 'BBQ'"
752,963,elite restaurant,"'Pizza', 'Pasta', 'Soup'"
753,964,al marina restaurant,"'BBQ', 'Sandwiches', 'Fast Food'"
754,965,lomi spicy restaurant,"'Fast Food', 'Sandwiches', 'Beverages'"
755,966,bella napoli restaurant,"'Pizza', 'Breakfast', 'Italian'"
756,968,alkif kitchens,"'Qatari', 'Mandi', 'Grills'"
757,969,doha samovar restaurant,"'Breakfast', 'BBQ'"
758,971,star of india,"'Curry', 'Snacks'"
759,976,shaghaf catering,"'Qatari', 'Beverages', 'Desserts'"
760,977,qidra,'Arabic'
761,979,sangeetha vegetarian restaurant,"'Indian', 'Vegetarian', 'Curry'"
762,980,madras chutneys,"'Indian', 'Breakfast'"
763,981,le double a café,"'Cafe', 'Sandwiches', 'Ice cream'"
764,985,flower bouquet for gifts & flowers,"'Flowers', 'Chocolate'"
765,986,the great asian restaurant,'Asian'
766,987,bombay cutting chai,"'Indian', 'Street food'"
767,988,crack cafe,"'Cafe', 'Sandwiches', 'Salad'"
768,990,simply shawarma restaurant,"'Arabic', 'Shawarma & Doner'"
769,991,happiness hormones,"'Desserts', 'Beverages', 'Cafe'"
770,995,teddy`s cafe,"'Cafe', 'Sandwiches', 'Desserts', 'Burgers'"
771,997,turkish corner,"'Grills', 'Chicken', 'BBQ'"
772,999,kashta restaurant,"'Pastries', 'Salad'"
773,1002,al sham roses restaurant,"'Grills', 'Lebanese', 'Shawarma'"
774,1003,tea king,"'Street food', 'Sandwiches'"
775,1004,magma cafe,"'Desserts', 'Cakes', 'Cafe'"
776,1005,tandoor,"'Biryani', 'Grills', 'Indian'"
777,1006,yellow cab pizza co.,"'Italian', 'Pizza', 'Pasta'"
778,1007,chocolate jar,"'Desserts', 'Chocolate', 'Beverages'"
779,1010,gardenia flower,'Flowers'
780,1011,zadna,"'Arabic', 'Snacks', 'Indian'"
781,1014,alkhayyam cafe,"'Cafe', 'Sandwiches', 'Burgers'"
782,1016,century restaurant,"'Indian', 'Healthy', 'Biryani'"
783,1017,new kanthari restaurant,"'Breakfast', 'BBQ'"
784,1019,the loft coffee,"'Cafe', 'Desserts', 'Beverages'"
785,1020,the four bakers,"'Jordanian', 'Bakery', 'Shawarma'"
786,1021,dolce & gelati ice cream,"'Ice cream', 'Cafe', 'Desserts'"
787,1022,crispy and crunchy,'Burgers'
788,1023,moons cafe,"'Cafe', 'Desserts', 'Beverages'"
789,1024,oop ice creamery,"'Ice Cream', 'Desserts'"
790,1026,14th al asmakh tower,"'Asian', 'Breakfast', 'Arabic'"
791,1027,leto caffe,"'International', 'Cakes', 'Desserts'"
792,1030,everyday roastery coffee,"'American', 'Breakfast', 'Coffee'"
793,1031,sable sweets,"'Cakes', 'Desserts'"
794,1032,shawarma king,"'Grills', 'Snacks', 'Shawarma'"
795,1035,joyful boxes,'Flowers'
796,1037,joon restaurant,"'Kebab', 'Grills', 'Iranian'"
797,1038,le meilleur specialty coffee,"'Desserts', 'Beverages', 'Cafe'"
798,1039,shater abbas,"'Shawarma', 'BBQ', 'Arabic'"
799,1040,shawarma almkhbz,'Shawarma & Doner'
800,1041,beirut restaurant,"'Arabic', 'Foul'"
801,1043,rajimi restaurant,"'Healthy', 'Pasta', 'Burgers'"
802,1044,blacklist restaurant,"'Burgers', 'Pasta', 'American'"
803,1046,kailash parbat express,'Indian'
804,1047,mass corn,'Snacks'
805,1048,lebanon modern bakery,"'Egyptian', 'Desserts'"
806,1050,turkey anadolu restaurant & sweets,"'Turkish', 'Shawarma', 'Grills'"
807,1052,fuddruckers,"'Burgers', 'Sandwiches'"
808,1053,sahamkum al afia iraqi cuisine,'Arabic'
809,1054,belad al sham restaurant,"'Arabic', 'Pastries', 'Grills'"
810,1055,midtown restaurant,"'Burgers', 'International'"
811,1060,persian cuisine,"'Iranian', 'Grills'"
812,1061,thai smile,"'Thai', 'Noodles', 'Seafood'"
813,1062,midnight coffee,"'Coffee', 'Cafe', 'Desserts'"
814,1063,mango talaat,"'Juices', 'Desserts', 'Beverages'"
815,1064,chocolate lab,"'Chocolate', 'Pastries', 'Desserts'"
816,1066,north cafe,"'Desserts', 'Juices', 'Coffee'"
817,1068,depo coffee,"'Cafe', 'Desserts'"
818,1069,makhlouf restaurant,'Lebanese'
819,1071,chicken out,'Fast Food'
820,1074,axiom cafe,"'Arabic', 'Sandwiches', 'Indian'"
821,1075,tropicool,"'Healthy', 'Beverages', 'Juices'"
822,1079,mark out cafe,"'Street food', 'Sandwiches'"
823,1080,arc,"'Street food', 'Burgers', 'Asian'"
824,1081,sireli cafe,"'Cafe', 'Desserts'"
825,1082,churro mia cafe,"'Churros', 'Spanish', 'Street food'"
826,1084,bsquare restaurant,'International'
827,1085,meesh cafe,"'Coffee', 'Cafe', 'Sandwiches'"
828,1087,asm resturant,"'Curry', 'Indian', 'Cafeteria'"
829,1088,al sham palace restaurant,"'Syrian', 'Grills'"
830,1090,aryaas lounge,"'Breakfast', 'Indian', 'Curry'"
831,1091,chai sulaimani,"'Burgers', 'Sandwiches', 'Beverages'"
832,1093,balaah restaurant,"'Burgers', 'Sandwiches', 'Beverages'"
833,1096,the cake corner,"'Qatari', 'Cakes', 'Cafe'"
834,1097,chocomelt,'Desserts'
835,1099,triple a cafe,"'Cafe', 'Desserts', 'Breakfast'"
836,1100,the breakfast club truck,"'Breakfast', 'Sandwiches', 'International'"
837,1104,layali trabzon,"'Grills', 'Turkish', 'Arabic'"
838,1105,upside down,"'Cafe', 'International', 'Beverages'"
839,1108,sushi go,"'International', 'Sushi', 'Seafood'"
840,1112,masala canteen,"'Indian', 'Curry', 'Biryani'"
841,1113,sharwa qissa restaurant,"'Indian', 'Burgers', 'Sandwiches'"
842,1114,basta altayer,"'Juices', 'Burgers', 'Desserts'"
843,1117,olivio,"'Italian', 'Pasta', 'Fast Food'"
844,1118,gokul gujarati restaurant,"'Asian', 'Juices', 'Curry'"
845,1121,healthy house restaurant,"'Desserts', 'Beverages', 'Cafe'"
846,1122,katmer cafe,"'Coffee', 'Desserts'"
847,1125,slicy,"'Pizza', 'Italian'"
848,1126,k3ky cookies,"'Desserts', 'Cafe'"
849,1127,piccolo cafe,"'Breakfast', 'Cafe', 'Chocolate'"
850,1128,doha garden restaurant,"'Breakfast', 'Indian'"
851,1130,healthy kitchen,"'Healthy', 'Keto', 'Salad', 'Sandwiches', 'Pizza'"
852,1133,the ritz hospitality,"'Desserts', 'Sandwiches'"
853,1134,mtafa bel laymoon,'Burgers'
854,1135,al maqdisi,"'Arabic Sweets', 'Bakery', 'Arabic'"
855,1137,fleurs de luxe,'Flowers'
856,1140,new jesr istanbul restaurant,"'Pastries', 'Grills', 'Shawarma'"
857,1141,chai n momo,"'Burgers', 'Fast Food'"
858,1142,turquoise cafe & gallery,"'Breakfast', 'Italian', 'Salad'"
859,1143,notes cafe,"'Coffee', 'Cafe', 'Cakes'"
860,1144,meat me,"'Burgers', 'Cafe', 'Grills'"
861,1145,chicken's house,"'Grills', 'Sandwiches', 'Arabic'"
862,1146,noran restaurant & cafe,"'Iranian', 'Grills', 'Indian'"
863,1147,dohlicious,"'Cakes', 'Cafe', 'Desserts'"
864,1148,plaza hollandi cafe,"'Donuts', 'Cafe', 'Beverages'"
865,1149,mashwyaat fresh restaurant,"'Grills', 'BBQ', 'Kebab'"
866,1151,amma restaurant,"'Chinese', 'Biryani', 'Street food'"
867,1152,ladies & gents cafe,"'Seafood', 'Japanese', 'Sushi'"
868,1153,hyderabad tasty restaurant,'Indian'
869,1154,indian family restaurant,"'Street food', 'Sandwiches'"
870,1156,creams sweets,"'Qatari', 'Chocolate', 'Desserts'"
871,1158,harbi sweets,"'Burgers', 'Cafe'"
872,1159,al shurfa,"'Arabic', 'Burgers', 'Grills'"
873,1163,masayang pinoy fiesta,'Asian'
874,1164,boston's,"'Burgers', 'Sandwiches', 'American'"
875,1169,the butcher shop and grill,"'Steaks', 'Grills'"
876,1170,shake shack,"'Burgers', 'Sandwiches', 'American'"
877,1172,the rice room,"'Asian', 'Wraps', 'Biryani'"
878,1177,seventy eight restaurant,"'Qatari', 'Breakfast', 'Pizza'"
879,1178,khaosan thai express,'Asian'
880,1179,yamal al sham al souq,"'Shawarma', 'Arabic', 'Fast Food'"
881,1180,sharp shooter restaurant,"'Grills', 'Fast Food', 'Pies'"
882,1181,eat pasta,"'Italian', 'Pizza', 'Fast Food'"
883,1184,top star restaurant,"'Sandwiches', 'Asian', 'Fast Food'"
884,1185,origin cafe,"'Qatari', 'Healthy', 'Cafe'"
885,1186,mshtan restaurant,"'Egyptian', 'Arabic', 'Sandwiches'"
886,1187,remman cafe,"'Lebanese', 'Arabic', 'Shawarma'"
887,1188,rollstar shawarma & falafel,"'Lebanese', 'Shawarma', 'Breakfast'"
888,1189,albal restaurant,"'Doner', 'Street food'"
889,1190,kolachi,"'Pakistani', 'Asian', 'Indian'"
890,1192,sub karak,"'Cafe', 'Sandwiches', 'International'"
891,1193,nando's,"'Grills', 'Chicken', 'BBQ'"
892,1194,tea station cafeteria,"'Sandwiches', 'Beverages', 'Cafe'"
893,1197,koshari cup,"'Koshary', 'Breakfast'"
894,1198,bubble bee cafe,"'Cafe', 'Desserts', 'Cakes'"
895,1199,mangal turkish restaurant,"'Turkish', 'Pastries', 'Pies'"
896,1201,layla kitchen,"'Lebanese', 'BBQ', 'Grills'"
897,1203,cue cafe,"'Ice cream', 'Desserts', 'International'"
898,1204,u burger,"'Burgers', 'Fast Food', 'Street food'"
899,1205,the hub coffee shop,"'Cafe', 'Coffee'"
900,1207,heisenberg cafe,"'Burgers', 'Fast Food'"
901,1210,arkan restaurant,"'Sandwiches', 'Turkish', 'Shawarma & Doner'"
902,1214,barber al-sham restaurant,"'Pastries', 'Shawarma'"
903,1217,jabri sweets and restaurant,"'Qatari', 'Arabic Sweets', 'Mandi'"
904,1218,origami cafe,"'Desserts', 'Japanese', 'Cafe'"
905,1220,earth roastery cafe,"'Cafe', 'Beverages', 'Coffee'"
906,1221,eat smart,"'Healthy', 'Foul', 'Salad'"
907,1222,nisrine restaurant,"'Lebanese', 'Desserts', 'Arabic'"
908,1223,damage cafe,"'Desserts', 'Coffee', 'Cafe'"
909,1224,poke district,"'Healthy', 'Sushi', 'Poke'"
910,1226,biryani king,"'Breakfast', 'BBQ'"
911,1227,magic shack restaurant,'Burgers'
912,1228,lime chilly,"'Chinese', 'Biryani', 'Street food'"
913,1229,roseyana flowers & chocolates,'Flowers'
914,1230,argan restaurant,"'Manaqeesh', 'Grills', 'Arabic'"
915,1231,panoor restaurant,"'Chinese', 'Biryani', 'Street food'"
916,1233,swich restaurant,"'Shawarma', 'American', 'Snacks'"
917,1235,rendezvous,"'French', 'Pasta', 'Pastries'"
918,1236,rosebella flowers,'Flowers'
920,1242,the bowl,"'International', 'Breakfast', 'Healthy'"
921,1244,ehyool occassions,'Flowers'
922,1247,cake and more,"'Desserts', 'Chocolate'"
923,1248,basta restaurant,"'Qatari', 'Beverages'"
924,1250,mr tandoor restaurant,"'Pakistani', 'Chinese'"
925,1253,mimz flowers & chocolate,'Flowers'
926,1254,chai cuppa cafeteria,"'Cafeteria', 'Breakfast', 'Cafe'"
927,1255,burgeri,"'Qatari', 'Breakfast', 'Burgers'"
928,1257,gulf center for food arts & house keeping,"'Arabic', 'Koshary', 'Biryani'"
929,1258,le kiosque coffee,"'Beverages', 'Cafe'"
930,1259,shawarma el khebez,"'Doner', 'Street food'"
931,1260,sugar rush cafe,"'Cafe', 'Desserts', 'Juices'"
932,1261,cafe blue,"'International', 'Breakfast', 'Cafe'"
933,1262,kaju traditional kitchens,"'Grills', 'Arabic'"
934,1263,il gelato di bruno,"'Cafe', 'Desserts'"
935,1265,halfaouine 1808,'Arabic'
936,1268,ananas,"'Biryani', 'Sandwiches', 'Curry'"
937,1269,the tiny leaves,"'Coffee', 'Desserts'"
938,1272,rawfinery,"'Cafe', 'Qatari', 'Pancakes'"
939,1274,old istanbul restaurant,"'Turkish', 'Grills'"
940,1275,turkish barbecue house,"'Turkish', 'Grills'"
941,1277,harem chocolate cafe,"'Cafe', 'Desserts'"
942,1278,beevis restaurant,"'Pizza', 'Salad', 'Sandwiches'"
943,1279,sandwich station restaurant,"'Grills', 'Sandwiches', 'Pastries'"
944,1280,baker house,"'Sandwiches', 'Bakery'"
945,1281,falafel al khalili,"'Falafel', 'Breakfast'"
946,1282,bov restaurant,"'American', 'Burgers', 'Fast Food'"
947,1283,triangle,'American'
948,1285,al bairoty,"'Lebanese', 'Breakfast', 'Sandwiches'"
949,1287,al bashawat restaurant,"'Egyptian', 'Breakfast', 'Sandwiches'"
950,1288,hala trading and marketing,'Grocery'
952,1296,desert rose cafe,"'Desserts', 'Beverages'"
953,1300,flat white specialty coffee,"'Coffee', 'Sandwiches', 'Qatari'"
954,1302,venice flowers & chocolate,'Flowers'
955,1303,waraq ghar restaurant,"'Qatari', 'Shawarma', 'Grills'"
957,1307,frit flagey,"'American', 'Burgers'"
958,1309,al anfal cafeteria & juice stall,"'Burgers', 'Cafeteria'"
959,1311,al naimi cafeteria,"'Fast Food', 'Smoothies', 'Sandwiches'"
960,1313,choco de gazelle,"'Biryani', 'Burgers', 'Curry'"
961,1316,tobakh br,"'Seafood', 'Mandi'"
962,1317,verify specialty coffee,'Cafe'
964,1321,tasty hotdogs,"'Sandwiches', 'Fast Food', 'American'"
965,1323,bleue,'Flowers'
966,1324,al nfnaf,'Flowers'
967,1328,trader vic's,"'Grills', 'Asian', 'Sushi'"
968,1329,big dine,"'Chinese', 'Bowls', 'Dumplings'"
969,1331,smsm doha restaurant,"'Egyptian', 'Sandwiches', 'Seafood'"
970,1332,grill lounge restaurant,"'Grills', 'Shawarma & Doner', 'Burgers'"
971,1334,fat cat café,"'Cakes', 'Coffee', 'Desserts'"
972,1336,qatar red crescent qrcs,'Charity '
973,1338,adani tea,'Arabic'
974,1341,chai roti restaurant,"'Burgers', 'Indian', 'Chinese'"
975,1342,the doner,"'Juices', 'Shawarma'"
976,1343,cheat burger,"'American', 'Burgers', 'Fast Food'"
977,1345,kick off,"'Chinese', 'Biryani', 'Street food'"
978,1346,restaurant and grills rawah al naadij,'Arabic'
979,1347,royal tandoor,"'Biryani', 'Grills', 'Indian'"
980,1349,amora cafe,"'Breakfast', 'Sandwiches', 'Cakes'"
981,1350,luqaima kitchen,"'Arabic', 'Biryani', 'Sandwiches'"
982,1351,indian hyderabadi spices,"'Chinese', 'Biryani', 'Street food'"
983,1352,falafelgi restaurant,"'Arabic', 'Breakfast', 'Sandwiches'"
984,1354,istanbul chef,"'Turkish', 'Grills'"
985,1355,breeze ice,'Desserts'
986,1357,fatoorah pastry,"'Manaqeesh', 'Breakfast'"
987,1358,melted cafe,"'French', 'Cakes', 'Pastries'"
988,1361,ducati pastries,"'Lebanese', 'Pizza', 'Pastries'"
989,1363,barbecue fusion,"'Filipino', 'Indian'"
990,1364,starbucks,"'Coffee', 'Cafe', 'Cakes'"
991,1366,afghani union mandi restaurant & popular cuisine,"'Qatari', 'Mandi', 'Grills'"
992,1367,frodz kitchen,'International'
993,1370,cholan spices,'Indian'
994,1372,roasted n broasted restaurant,"'Chicken', 'Fast Food', 'American'"
995,1375,l'wzaar,"'Qatari', 'International', 'Fast Food'"
996,1377,new zam zam bakery,"'Bakery', 'Cakes'"
997,1378,chariot cafe,"'Cafe', 'Desserts', 'Burgers'"
998,1380,lahore five star restaurant,"'Curry', 'Indian', 'Fast Food'"
999,1381,eclair de genie,"'Coffee', 'International', 'Cakes'"
1000,1382,alo shawarma,"'Qatari', 'Shawarma', 'Sandwiches'"
1001,1383,bu rajab restaurant,"'Breakfast', 'Sandwiches', 'Arabic'"
1002,1387,cater us public kitchen,"'Breakfast', 'Italian', 'Pizza'"
1003,1391,just food,"'Asian', 'Noodles', 'Nepalese'"
1004,1393,manilla bay pinoy,'Asian'
1005,1394,al anadol central restaurant,"'Turkish', 'Shawarma', 'Grills'"
1006,1397,al salatheen cafe,"'Street food', 'Sandwiches', 'Snacks'"
1007,1399,tierra viva by vida,"'Healthy', 'Beverages', 'Kombucha '"
1008,1400,dolci sera,"'Cakes', 'Desserts', 'Chocolate'"
1010,1402,buffalos cafe,"'Wings', 'Burgers'"
1011,1403,al raouche restaurant,"'Arabic', 'Breakfast'"
1012,1405,le relais de l'entrecôte restaurant,"'International', 'Juices', 'Desserts'"
1013,1406,nelo cafe,"'Cafe', 'Beverages', 'Cakes'"
1014,1407,fino restaurant,"'Qatari', 'Pasta', 'Fast Food'"
1015,1408,starlink mobile phones,'Electronics'
1016,1409,alkhair fish restaurant,"'Biryani', 'Grills', 'Seafood'"
1018,1413,crabtonite express restaurant,'Seafood'
1019,1414,mokalat harees alwalda,"'Biryani', 'Grills'"
1020,1417,hayyak tea restaurant & cafeteria,"'Mandi', 'Cafeteria', 'Beverages'"
1021,1419,zoella flowers,'Flowers'
1022,1420,um ali and more,"'Arabic Sweets', 'Coffee', 'Cakes and Desserts'"
1023,1421,nasco grill restaurant,"'Chinese', 'Grills', 'Indian'"
1024,1422,darb al zalag restaurant,"'Kuwaiti', 'Arabic', 'Breakfast'"
1025,1423,6 am espresso lounge,"'Coffee', 'Cafe', 'Desserts'"
1026,1428,al tannor al sharqi,'Arabic'
1027,1430,miss mix restaurant,"'American', 'Burgers', 'Fast Food'"
1028,1431,star burger,"'Street food', 'Sandwiches'"
1029,1432,polpo restaurant,"'Manaqeesh', 'American', 'Seafood'"
1030,1433,shawarma el mama restaurant,"'Arabic', 'Shawarma'"
1031,1435,bee sweets cafe,"'Desserts', 'Cakes', 'Cafe'"
1032,1436,monkey cookies,"'Desserts', 'Qatari', 'Chocolate'"
1033,1439,jollibee,"'American', 'Burgers', 'Chicken'"
1034,1440,pro burger,"'American', 'Burgers', 'Sandwiches'"
1035,1443,x sushi,'Japanese'
1036,1445,ard nablus,"'Arabic', 'Breakfast', 'Grills'"
1037,1449,biriyani corner,"'Breakfast', 'Soup', 'BBQ'"
1038,1450,karak gholam,"'Arabic', 'Coffee', 'Sandwiches'"
1039,1456,al noukhatha kitchen,"'Indian', 'Grills'"
1040,1457,qinwan cafe,"'International', 'Pasta', 'Breakfast'"
1041,1458,alhalal bakery,"'Tunisian ', 'Manaqeesh', 'Bakery'"
1042,1459,restaurant shatta koshari & tawajeen,"'Arabic', 'Egyptian'"
1043,1460,never overdose cafe,"'Beverages', 'Cafe', 'Desserts'"
1044,1462,pretty flower,'Flowers'
1045,1463,roses breeze flowers and gifts,'Flowers'
1046,1465,boracay restaurant,"'Chinese', 'Noodles'"
1047,1468,zaoq & ziafat restaurant,"'Pakistani', 'BBQ'"
1048,1471,le baroque cafe,"'Cakes', 'Cafe', 'Desserts'"
1049,1472,beans cafe,"'Cafe', 'Coffee'"
1050,1473,ethiopian hut,"'African', 'Sudanese', 'Ethiopian'"
1051,1474,chef garden restaurant,"'Healthy', 'International', 'Breakfast'"
1052,1477,al hallab street,"'Lebanese', 'Arabic', 'Sandwiches'"
1053,1481,alrai pastry bakery,"'Bakery', 'Pastries', 'Arabic'"
1054,1485,urta restaurant,"'Organic', 'Breakfast', 'International'"
1055,1486,absi chai,"'Burgers', 'Cafeteria'"
1057,1489,groves juice,'Cakes and Desserts'
1058,1490,suisse chalet restaurant and cafe,"'Street food', 'Sandwiches'"
1059,1491,ebtekar al-fakhama,"'Qatari', 'Bakery', 'Breakfast'"
1060,1492,new mehaa restaurant,"'Asian', 'Curry', 'Seafood'"
1061,1495,baba karam restaurant,"'Qatari', 'Burgers', 'Grills'"
1062,1496,chi' zen,"'Noodles', 'Seafood', 'Chinese'"
1063,1497,dr. mood restaurant,"'Healthy', 'Organic'"
1065,1499,mankoucha restaurant and pastry,"'Lebanese', 'Wraps', 'Sandwiches'"
1066,1501,flower forty nine,'Flowers'
1067,1502,crabtonite,"'Qatari', 'Breakfast', 'Cafe'"
1068,1503,bruce lee karak and cafe,"'Asian', 'Indian', 'International'"
1069,1504,old antakya restaurant,"'Turkish', 'Grills'"
1071,1508,patisserie suisse,"'Qatari', 'Chocolate', 'Arabic Sweets'"
1072,1510,flat 77 cafe,"'Cafe', 'Desserts', 'Coffee'"
1073,1511,pasha grills & kebabs restaurant,"'Qatari', 'BBQ', 'Grills'"
1074,1513,corto cafe,"'Cafe', 'Desserts', 'Ice Cream'"
1075,1514,dr ryash,"'Doner', 'Grills', 'Lebanese'"
1076,1515,abq coffee,"'Cafe', 'Desserts', 'Pastries & Sweets'"
1077,1516,social house restaurant,"'International', 'Cafe', 'Healthy'"
1078,1518,the shaq,'Mexican'
1079,1520,zaman al sham,"'Qatari', 'Arabic Sweets', 'Desserts'"
1080,1522,food corner,"'Burgers', 'Pizza', 'Pasta'"
1081,1524,junko sushi & japanese dining,"'Japanese', 'Seafood'"
1082,1529,hot bowl restaurant,"'Chinese', 'Bowls', 'Dumplings'"
1083,1530,trend cafe,"'Qatari', 'Cakes', 'Desserts'"
1084,1533,moaganat al bosna,"'Turkish', 'BBQ', 'Grills'"
1085,1534,hattrick cafe,"'Coffee', 'Cakes'"
1086,1535,ahla riqaq cafeteria and restaurant,"'Street food', 'BBQ'"
1087,1537,hash one restaurant,"'Asian', 'Biryani', 'Street food'"
1088,1538,doner istanbul,"'Grills', 'Turkish', 'Shawarma & Doner'"
1089,1541,poffertjes,"'Pancakes', 'Desserts', 'Beverages'"
1090,1543,karafirin,"'Turkish', 'Coffee', 'Breakfast'"
1091,1544,scoop of sugar,'Cafe'
1092,1547,white house restaurant,"'Curry', 'Indian', 'Fast Food'"
1093,1548,campagnia caffe,"'Mezze', 'American', 'Breakfast'"
1094,1550,seacrets restaurant,'International'
1095,1551,the curry house,"'Curry', 'Indian', 'Vegetarian'"
1096,1552,oriental kitchen,"'Qatari', 'Mandi', 'Noodles'"
1097,1553,pizzaroni,"'Pastries', 'Italian', 'Pizza'"
1100,1558,new istanbul restaurant,"'Turkish', 'Grills', 'Sandwiches'"
1101,1560,al safair restaurant,"'Breakfast', 'BBQ'"
1102,1562,off cafe,"'Desserts', 'Cakes', 'Cafe'"
1103,1563,bao restaurant,"'Sandwiches', 'Japanese', 'Bowls'"
1104,1567,crunchy,"'American', 'Sandwiches'"
1105,1570,donutty,"'Cafe', 'Desserts', 'Donuts'"
1106,1572,mashawi al arabi,'Turkish'
1107,1576,jawaher restaurant,"'Mandi', 'Indian', 'Fast Food'"
1108,1577,lulu beirut,"'Qatari', 'BBQ', 'Grills'"
1109,1582,torba cafe,"'Healthy', 'Cafe'"
1110,1584,volume cafe,"'Coffee', 'Breakfast', 'Cafe'"
1111,1585,anana du cafe,"'Cafe', 'Desserts', 'Cakes'"
1112,1586,on air restaurant,"'American', 'Burgers', 'Fast Food'"
1113,1587,falafel aldefatten,"'Arabic', 'Breakfast'"
1114,1589,burger corner,"'Burgers', 'Cafeteria'"
1116,1592,orchid and more,'Flowers'
1117,1594,melaf phone time,'Electronics'
1118,1595,dough by flaky bake house,"'Bakery', 'Desserts'"
1119,1596,exit55,"'Burgers', 'Hot Dogs'"
1120,1597,tres burger and pizza house restaurant ح,'Pizza'
1121,1598,cafe delice,"'Qatari', 'Cafe', 'Pizza'"
1122,1599,churros & more cafe,"'Cafe', 'Coffee'"
1123,1601,mado turkey,"'Turkish', 'International', 'Ice Cream'"
1124,1603,dajajki,"'Indian', 'Arabic'"
1125,1607,hot chips cafeteria,"'Qatari', 'BBQ', 'Grills'"
1126,1611,amaravathi restaurant,"'Breakfast', 'BBQ'"
1127,1612,camels cafe,'Cafe'
1128,1613,build it burger,"'Burgers', 'Fast Food', 'American'"
1129,1614,lulu popular kitchen,"'Qatari', 'BBQ', 'Grills'"
1130,1615,just parrata,'Sandwiches'
1131,1616,ground coffee shop,"'Cafe', 'Desserts', 'Juices'"
1132,1617,sazeli,"'Burgers', 'Grills', 'Turkish'"
1133,1619,pinna bakery and cafe,"'Beverages', 'Cafe', 'Desserts'"
1134,1620,ika south american,"'International', 'American'"
1135,1621,aachi restaurant,'Indian'
1136,1624,blooming gate,"'International', 'Cafe', 'Desserts'"
1138,1628,shawarmaz,"'Arabic', 'Shawarma', 'Sandwiches'"
1139,1631,bon appetite,"'Cafe', 'Coffee', 'Breakfast'"
1140,1632,bawarchi restaurant,"'Biryani', 'Grills', 'BBQ'"
1141,1635,carosa cafe,"'Sushi', 'Salad', 'Sandwiches'"
1142,1639,smoothie panda,"'Desserts', 'Ice Cream', 'Cafe'"
1143,1640,takos king,"'Burgers', 'Sandwiches'"
1144,1642,gad restaurant,"'Qatari', 'Breakfast', 'Sandwiches'"
1145,1646,noodles wok,'Asian'
1146,1648,hardee's,"'Burgers', 'Fast Food', 'American'"
1147,1650,gazebo,"'Indian', 'Biryani', 'Street food'"
1148,1655,apple kitchen & sweets,"'Desserts', 'Chocolate', 'Cakes'"
1149,1656,tambayan restaurant,"'Asian', 'Fast Food', 'Pizza'"
1150,1658,bora bora sugaration station,"'Coffee', 'Cafe', 'Cakes'"
1151,1659,daisy rosie,'Flowers'
1152,1661,le comptoir libanais,"'Cafe', 'Asian', 'Noodles'"
1153,1662,gahwat al baranda,"'Qatari', 'Mezze', 'Breakfast'"
1154,1663,donia altayebat restaurant,"'Egyptian', 'Breakfast', 'Sandwiches'"
1155,1664,mr. burger,"'American', 'Burgers', 'Sandwiches'"
1156,1666,golden gazelle chocolate,"'Desserts', 'Chocolate', 'Coffee'"
1157,1667,the public kitchen,"'Desserts', 'Beverages', 'Cafe'"
1158,1668,sukar pasha,"'Turkish', 'Grills'"
1159,1674,shanghai garden,"'Chinese', 'Asian', 'Noodles'"
1160,1675,ali usta,"'Burgers', 'Cafeteria'"
1161,1676,pasafirni,"'Turkish', 'Breakfast'"
1162,1678,dandeh kabab restaurant,'Iranian'
1163,1679,asado,"'BBQ', 'American', 'Burgers'"
1164,1683,food villa restaurant,"'Indian', 'Asian'"
1165,1684,burger hub,"'Street food', 'Sandwiches'"
1166,1685,bio restaurant,"'Fried Chicken', 'Beverages'"
1167,1686,cloud & co.,"'Gelato', 'Cafe', 'Desserts'"
1168,1689,tabak al sharq,"'Arabic', 'Qatari', 'Turkish'"
1169,1690,steak o burger,'Burgers'
1170,1691,pistach & more,"'Desserts', 'Cakes'"
1171,1695,tasty bell,"'Burgers', 'Cafeteria'"
1172,1696,hamous and foul irani restaurant,"'Qatari', 'Grills'"
1174,1700,caribou coffee,"'Cafe', 'Smoothies', 'Coffee'"
1175,1702,jiwan,"'Chicken', 'Qatari', 'Grills'"
1176,1703,rek,'Desserts'
1177,1704,simons cafe and grill,"'Breakfast', 'BBQ'"
1178,1705,al hear aljanoubi seafood,"'Seafood', 'Qatari'"
1179,1707,the garden village restaurant,"'Breakfast', 'Indian'"
1180,1708,turkish yummys,"'Seafood', 'Mandi'"
1181,1710,milkshake factory,"'Beverages', 'Cakes and Desserts', 'Cafe'"
1182,1711,costa,"'Cafe', 'Desserts'"
1183,1712,juice n tea,"'Burgers', 'Cafeteria'"
1184,1713,golden dragon,"'Asian', 'Pasta', 'Chinese'"
1185,1715,smart chicken,"'Asian', 'Burgers', 'Cafe'"
1186,1716,nagham cafe,'Cafe'
1187,1717,saravanaa bhavan,"'Breakfast', 'Indian', 'Vegetarian'"
1188,1718,spark meals preparation,'Beverages'
1189,1719,mutabbaq and saj,"'Qatari', 'Shawarma', 'Grills'"
1190,1721,tea cup restaurant,"'Burgers', 'Cafeteria'"
1191,1722,top deal trading,'International'
1192,1725,974 cafe,"'Desserts', 'Cafe'"
1193,1728,house of kethel chicken restaurant,"'Qatari', 'Juices', 'Curry'"
1194,1729,al ahali bakery,"'Bakery', 'Pastries'"
1195,1733,gormeh sabzi,"'Grills', 'BBQ'"
1196,1735,ginger club,"'Thai', 'Sushi', 'Chinese'"
1197,1737,zoara,"'Qatari', 'Coffee', 'Desserts'"
1198,1738,element 29,"'Sandwiches', 'Breakfast'"
1199,1741,isfahan night's restaurant,"'Seafood', 'Mandi'"
1200,1742,vitamin king juices,"'Qatari', 'Breakfast', 'Sandwiches'"
1201,1743,layali al qahira,"'Egyptian', 'Breakfast', 'Sandwiches'"
1203,1749,cafe bazza,"'Cafe', 'Sandwiches', 'International'"
1204,1751,al khariss cafe,"'Lebanese', 'Arabic', 'Sandwiches'"
1205,1754,shake and crepe coffee,"'Cafe', 'International'"
1206,1757,delord gourmet restaurant & cafe,'International'
1207,1758,on and off coffee,'Qatari'
1208,1763,sheikh al burger,"'American', 'Burgers', 'Fast Food'"
1209,1764,mountain istanbul restaurant,"'Turkish', 'Shawarma', 'Grills'"
1210,1765,clementine juice,"'Beverages', 'Fruits', 'Desserts'"
1211,1767,rp tech mobiles,'Electronics'
1212,1768,marmaris turkish restaurant,"'Turkish', 'Pastries', 'Grills'"
1213,1776,al mourjan restaurant,"'Mezze', 'Grills', 'Lebanese'"
1214,1777,location coffee,"'Ice cream', 'Desserts'"
1215,1780,zumrut restaurant,"'Arabic', 'Turkish'"
1216,1782,la cantine restaurant,"'Healthy', 'International', 'Pizza'"
1217,1784,walter's coffee roastery,"'Coffee', 'Cafe'"
1218,1786,oudo,"'Cafe', 'Desserts'"
1219,1787,orange buffalo,"'Burgers', 'Sandwiches', 'Fried Chicken'"
1220,1788,koob shay cafeteria,"'Burgers', 'Sandwiches', 'Beverages'"
1221,1789,joyous partners delizia,"'Indian', 'Chinese', 'Sandwiches'"
1222,1791,fes restaurant,"'Moroccan', 'Healthy', 'Fast Food'"
1223,1792,al thahira cafeteria juice stall,"'Burgers', 'Cafeteria'"
1224,1793,egg tap,"'Beverages', 'Breakfast', 'Sandwiches'"
1225,1794,cafeteria as you like,"'Noodles', 'Soup', 'Chicken'"
1226,1798,al zarka premium restarant,"'Breakfast', 'Burgers', 'Pasta'"
1227,1799,the station restaurant,"'Doner', 'Street food'"
1228,1803,brilliant cafe,"'Cafe', 'Desserts'"
1229,1804,new star fast food,"'Seafood', 'Mandi'"
1230,1805,bluefin kitchen,"'Noodles', 'Seafood'"
1231,1806,kebab nab shiraz restaurant,"'Biryani', 'Grills'"
1232,1810,fast hot chicken,"'Breakfast', 'Juices', 'Curry'"
1233,1812,special kabab,"'Kebab', 'Grills'"
1234,1821,al aker sweets,"'Jordanian', 'Desserts', 'Arabic Sweets'"
1235,1824,plan b,"'Burgers', 'Beverages', 'American'"
1236,1825,pinkberry,"'Desserts', 'Ice Cream', 'Frozen Yogurt'"
1237,1827,chef shatah,"'Arabic', 'Grills'"
1238,1828,hot n cool,"'Juices', 'Burgers'"
1239,1829,gahwetna,"'Qatari', 'Cafe', 'Desserts'"
1240,1831,ergon deli restaurant,'International'
1241,1834,tea valley,"'Cafe', 'Sandwiches', 'Burgers'"
1242,1835,bayt al fatayer,"'Breakfast', 'Pizza'"
1243,1836,eleven eleven cafe,"'Coffee', 'Cafe', 'Cakes'"
1244,1837,margherita,"'Pizza', 'Pasta'"
1245,1838,the french olive,"'Pizza', 'Healthy', 'Mediterranean'"
1246,1841,grape box,'Arabic'
1247,1843,masterful sweets,"'International', 'Desserts', 'Chocolate'"
1248,1846,chowking,"'Asian', 'Noodles', 'Fish & chips'"
1249,1848,store 974,'Electronics'
1250,1849,aush al bulbul restaurant,"'Sandwiches', 'Falafel', 'Breakfast'"
1251,1858,al mazaya carthage restaurant,"'Tunisian ', 'Grills', 'Sandwiches'"
1252,1860,so souffle bakery,"'Cafe', 'Waffles'"
1253,1861,boba cha cafe,"'Noodles', 'Beverages'"
1254,1866,shawarma ala kefak,"'Qatari', 'BBQ', 'Grills'"
1255,1867,petals,'Flowers'
1256,1871,the vembanad restaurant,"'Indian', 'Curry', 'Biryani'"
1257,1873,meatsmith,"'International', 'BBQ', 'Grills'"
1258,1874,83 café,"'Coffee', 'Breakfast', 'International'"
1259,1876,viva flora,'Flowers'
1260,1877,barrio fiesta,"'Fried Chicken', 'Bowls', 'Filipino'"
1261,1878,scary burger,"'Burgers', 'Pasta', 'Fast Food'"
1262,1879,grill house doha restaurant,"'Asian', 'Biryani', 'Street food'"
1263,1880,nine sauce restaurant,"'Lebanese', 'Doner', 'Grills'"
1264,1884,perhaps cafe,"'Coffee', 'Cafe', 'Beverages'"
1265,1889,pivoine trading & occasions,'Flowers'
1266,1890,dallah w mallah,"'Mandi', 'Arabic', 'Fast Food'"
1267,1891,sandwich box,"'Burgers', 'Fast Food'"
1268,1892,caffé vergnano 1882,"'Cakes', 'Coffee', 'Cafe'"
1269,1893,al noof bakery,"'Lebanese', 'Manaqeesh', 'Bakery'"
1270,1896,farm kitchen,"'Gluten free', 'Pancakes', 'Healthy'"
1271,1897,noora cafe,"'Breakfast', 'Qatari'"
1272,1903,karak cup,"'Coffee', 'Breakfast', 'Cafe'"
1273,1905,goos,"'Cafe', 'Desserts', 'Beverages'"
1274,1911,bhojan restaurant,"'Vegetarian', 'Curry', 'Indian'"
1275,1915,seyidoglu,"'Coffee', 'Cafe'"
1276,1917,tomahawk restaurant,"'American', 'Burgers', 'Pasta'"
1277,1921,1990 nineteen ninety,"'International', 'Pasta', 'Pizza'"
1278,1925,pizza roll,'Pizza'
1279,1926,mezzo tea,"'Sandwiches', 'Fast Food', 'Cafeteria'"
1280,1928,flamingo specialty cafe,"'Cafe', 'Desserts', 'Juices'"
1281,1929,new shaheen restaurant,"'Pakistani', 'BBQ', 'Indian'"
1282,1930,y-it sweets,"'Chocolate', 'Cafe', 'Desserts'"
1283,1933,meat buns,"'Juices', 'Burgers', 'Fast Food'"
1284,1934,hot and fresh cafeteria,"'Qatari', 'Curry', 'Cafe'"
1285,1937,the jasmine restaurant & lounge,"'Snacks', 'Salad', 'Biryani'"
1286,1939,the paratha king cafeteria,'Indian'
1287,1940,al tarwia'ah,"'Lebanese', 'Arabic', 'Breakfast'"
1288,1943,flavors cafe,"'Healthy', 'International'"
1289,1946,doha roastery,"'Cafe', 'Desserts', 'Juices'"
1290,1949,on drive,'Arabic'
1291,1952,blackout coffee,"'Coffee', 'Cafe', 'Cakes'"
1292,1953,saraya istanbul,"'Grills', 'Fast Food', 'Shawarma'"
1293,1958,tim hortons,"'Coffee', 'American', 'Cafe'"
1294,1959,mertos restaurant,"'Chinese', 'Noodles', 'Seafood'"
1295,1960,gadget phone accessories trading,'Electronics'
1296,1961,sun pepper restaurant,'Indian'
1297,1962,abou afif sandwich,"'Sandwiches', 'American'"
1298,1963,code speciality coffee,"'Coffee', 'Breakfast', 'Cafe'"
1299,1964,chef rajoo,'Indian'
1300,1967,flowers boutique,'Flowers'
1301,1969,proper sliders,"'Sliders', 'American', 'Wings'"
1302,1973,shobbak restaurant,'Arabic'
1303,1974,diet cafe restaurant,"'Healthy', 'American', 'Breakfast'"
1304,1975,sushi library,"'Sushi', 'Seafood', 'Japanese'"
1305,1977,captain calico,"'Burgers', 'Fast Food'"
1306,1979,honeybee,"'Desserts', 'Beverages', 'Cafe'"
1307,1982,caf cafe,"'Coffee', 'Cafe'"
1308,1983,sukoon lounge,"'Pasta', 'Italian', 'Asian'"
1309,1985,hareesna restaurant,"'Asian', 'Fast Food', 'Breakfast'"
1310,1988,jo sushi,"'Sushi', 'Seafood', 'Japanese'"
1311,1990,star food trading,'Burgers'
1312,1991,easair café,"'Cafe', 'Desserts', 'Arabic'"
1313,1992,taro bakery and coffee bar,"'Desserts', 'Cafe'"
1314,1993,the indian cloud kitchen,"'Breakfast', 'BBQ'"
1315,1996,seventy west restaurant and cafe,"'Pasta', 'Italian', 'Healthy'"
1316,1997,orca restaurant,"'Asian', 'American', 'Japanese'"
1317,1998,diet market,'Healthy'
1318,2000,jolly bee restaurant & sweets,"'International', 'Desserts'"
1319,2001,only chicken,"'Burgers', 'Sandwiches', 'Desserts'"
1320,2004,fresh way,"'Breakfast', 'Burgers'"
1321,2005,lgaima,"'Desserts', 'Pastries'"
1322,2006,sukiyaki by yum yum tree,"'BBQ', 'Grills'"
1323,2008,hamam w kware3,"'Egyptian', 'Grills'"
1324,2009,wingy,"'Burgers', 'Wings', 'American'"
1325,2010,royal bravo restaurant,"'Asian', 'Grills', 'Indian'"
1326,2013,bubba gump,"'American', 'Sandwiches', 'Seafood'"
1327,2015,pinoy treats,"'Asian', 'Cafe', 'Desserts'"
1328,2016,khan farouk tarab café,"'Fast Food', 'Breakfast', 'Sandwiches'"
1329,2017,il panee restaurant,"'Cafe', 'Bakery'"
1330,2018,ambula,'Asian'
1331,2020,koi pabda,'Asian'
1332,2022,al mukalla chef restaurant,"'Arabic', 'Grills', 'Indian'"
1333,2023,sushi stop,"'Seafood', 'Vegetarian', 'Sushi'"
1334,2024,beirutiyat,"'Pastries', 'Grills', 'Sandwiches'"
1335,2028,charbonnel et walker,'Chocolate'
1336,2029,b fit restaurant,'Healthy'
1337,2032,lecco restaurant,"'Italian', 'Pizza'"
1338,2033,royal tea restaurant,"'Breakfast', 'Chinese', 'Beverages'"
1339,2034,al kousar cafeteria,"'Kebab', 'Grills'"
1340,2036,espression by lavazza,"'Italian', 'Cafe', 'Sandwiches'"
1341,2038,melt burger restaurant,"'Burgers', 'Street food'"
1342,2043,crisp restaurant,"'Burgers', 'Fast Food', 'American'"
1343,2046,the portrait,"'American', 'Breakfast'"
1344,2047,al majles al arabi,"'Egyptian', 'Breakfast', 'Grills'"
1345,2049,applebees,"'Steaks', 'American', 'Burgers'"
1346,2050,avoca restaurant,"'International', 'Breakfast'"
1347,2056,simit sarayi,"'Turkish', 'Pastries', 'Pies'"
1348,2060,gelato divino,"'Ice cream', 'Desserts', 'Juices'"
1349,2061,dippingo chocolate bar,"'Cakes', 'Crepes', 'Chocolate'"
1350,2063,nosh cravings restaurant,"'Vegan', 'Desserts', 'Fast Food'"
1351,2064,everest cafe,"'Qatari', 'Coffee', 'Cafe'"
1352,2065,leabab bakery,'Arabic'
1353,2066,el dokan,"'Egyptian', 'Street food', 'Sandwiches'"
1354,2069,gourmet district,"'Salad', 'Sandwiches', 'Pizza'"
1355,2070,saray cafe,"'Coffee', 'Cafe'"
1356,2071,diet mood plus,"'Beverages', 'Sandwiches', 'Desserts'"
1357,2073,dsrt lab,"'Cakes', 'Pastries', 'Desserts'"
1358,2075,loaded restaurant,"'American', 'Burgers', 'Sliders'"
1359,2076,chemex speciality coffee,"'Cafe', 'Desserts', 'Cakes'"
1360,2080,tasty chicken restaurant and cafeteria,"'Indian', 'Fast Food', 'Fried Chicken'"
1361,2081,white palace restaurant,"'Breakfast', 'BBQ'"
1362,2083,burger and more,"'Burgers', 'Beverages'"
1363,2085,jones the grocer,"'Pancakes', 'Breakfast', 'Salad'"
1364,2086,or more geneva restaurant,"'French', 'Chocolate', 'Desserts'"
1365,2088,new sarhad restaurant,"'Pakistani', 'Mandi', 'Biryani', 'Chinese'"
1366,2089,soghaat sweets & bakers,"'BBQ', 'Grills'"
1367,2090,majlis istanbul restaurant,"'Turkish', 'Grills', 'Sandwiches'"
1368,2092,queen flowers and chocolate,'Flowers'
1369,2093,dash restaurant,"'American', 'Burgers', 'Fast Food'"
1370,2095,top corniche restaurant,"'Breakfast', 'BBQ'"
1371,2096,b lounge,"'Sushi', 'Seafood', 'Japanese'"
1372,2097,rachad arabic ice cream & sweets,"'Qatari', 'Juices', 'Coffee'"
1373,2099,empire coffee,"'Coffee', 'Cafe', 'Beverages'"
1374,2101,pulu tea cafeteria,"'Arabic', 'Beverages', 'Indian'"
1375,2102,chairmen restaurant,"'Snacks', 'Soup', 'Salad'"
1376,2104,8497,"'Burgers', 'Chicken', 'Beverages'"
1377,2108,larissa chocolates and flowers,'Flowers'
1378,2113,jumbo souq,'Electronics'
1379,2115,house of joy flowers & chocolate,"'Chocolate', 'Desserts'"
1380,2116,bryto store,'Electronics'
1381,2121,lulu fast food,"'Indian', 'Biryani', 'Street food'"
1382,2123,choco delord,"'Chocolate', 'Cakes', 'Desserts'"
1383,2124,shawarma station,"'Kebab', 'Grills', 'Turkish'"
1384,2125,la gelateria fina,"'Crepes', 'Cafe', 'Desserts'"
1385,2126,salt,"'American', 'Burgers', 'International'"
1386,2127,june cafe,"'Arabic Sweets', 'Desserts', 'Beverages'"
1387,2128,five guys,"'Burgers', 'Salad'"
1388,2129,milks,"'Cafe', 'Desserts', 'Milkshakes'"
1389,2130,abriq tea,"'Sandwiches', 'International', 'Breakfast'"
1390,2132,bake and take,"'Pies', 'Healthy', 'Shawarma'"
1391,2133,fareej althaybeen restaurant,'Qatari'
1392,2134,al maqanes kitchen,"'Seafood', 'Qatari', 'Mandi'"
1393,2139,just samoosa al khor,"'Burgers', 'Cafeteria'"
1394,2141,al hussaini enterprises,'Electronics'
1395,2143,the menu,"'Breakfast', 'Arabic', 'Snacks'"
1396,2144,indo hyderabadi spices restaurant,"'Indian', 'Pakistani'"
1398,2146,bab al hara restaurant,"'Arabic', 'Grills', 'Turkish'"
1399,2148,mr. saltaa restaurant,"'Sandwiches', 'Seafood', 'International'"
1400,2150,annapoorna indian chettinad restaurant,"'Chinese', 'Biryani', 'Street food'"
1401,2153,chef babu,"'Indian', 'Biryani'"
1402,2154,xfire restaurant,"'Noodles', 'Asian', 'Bowls'"
1403,2155,peal juice bars,"'Smoothies', 'Healthy', 'Beverages'"
1404,2156,karmello,'Chocolate'
1405,2159,dean & david,"'Salad', 'Healthy', 'Thai'"
1406,2161,le gourmet restaurant,"'French', 'Pizza', 'Fast Food'"
1407,2164,bait al daleem,'Pakistani'
1408,2166,mr. shawarma,"'Shawarma', 'Doner', 'Arabic'"
1409,2172,mama suad,"'Qatari', 'Arabic', 'Middle eastern'"
1410,2173,koshari hot,'Egyptian'
1411,2175,syrian house restaurant,"'Arabic', 'Grills'"
1412,2176,amorino gelato,"'Ice Cream', 'Desserts', 'Italian'"
1413,2177,l'evidence cafe,"'Cafe', 'Sandwiches', 'Burgers'"
1414,2180,sema restaurant,'Turkish'
1415,2182,crust,"'American', 'Pizza'"
1416,2190,wyndham,"'Mezze', 'Bakery', 'Mexican'"
1417,2194,anytime burger,"'Coffee', 'Manaqeesh', 'Smoothies'"
1418,2195,spice & sizzle,"'Pakistani', 'Pasta', 'Soup'"
1419,2196,big rooster fried chicken,"'American', 'Burgers', 'Fried Chicken'"
1420,2198,falcon cookies,"'Desserts', 'Beverages'"
1421,2199,inara catering,"'Indian', 'Biryani', 'Street food'"
1422,2200,sip coffee,'Cafe'
1423,2201,just copleh,"'Burgers', 'Sandwiches'"
1424,2204,wqta,"'Cafe', 'Desserts', 'Juices'"
1425,2205,aswar al quds restaurant,"'Breakfast', 'Arabic'"
1426,2212,zaatar w zeit,"'Lebanese', 'Breakfast'"
1427,2213,al anees electronics,'Electronics'
1428,2216,brioche dorée,"'Breakfast', 'Sandwiches', 'Pasta'"
1429,2217,horoscope cafe,"'Cafe', 'Desserts', 'Fast Food'"
1430,2220,novo cinemas,"'Burgers', 'Desserts'"
1431,2224,barcode,"'Burgers', 'Cafeteria'"
1432,2231,diya restaurant,'Indian'
1433,2234,caika factory,"'Cakes', 'Chocolate'"
1434,2235,pinkberry,"'Desserts', 'Frozen Yogurt'"
1435,2236,kebab king restaurant,"'Asian', 'Biryani', 'Street food'"
1436,2239,zofrani,'Iranian'
1437,2240,chiweha,"'Qatari', 'Breakfast', 'Burgers'"
1438,2241,umm sidra restaurant,"'Qatari', 'Biryani', 'Chicken'"
1439,2242,sharq cafe,"'Cafe', 'Desserts'"
1440,2243,pompom restaurant,"'Burgers', 'Sandwiches'"
1441,2245,royal chef,"'Indian', 'Asian'"
1442,2247,spoon restaurant,"'Qatari', 'Breakfast', 'Desserts'"
1443,2248,pita,"'Sandwiches', 'Arabic'"
1444,2249,tea world,"'Street food', 'Sandwiches'"
1445,2250,addiction coffee shop,"'Cafe', 'Desserts', 'Juices'"
1446,2253,ariana afghan mandy kitchen & restaurant,"'Mandi', 'BBQ', 'Kebab'"
1447,2255,blends,"'Qatari', 'Sushi', 'Seafood'"
1448,2258,chez mazen restaurant,"'Qatari', 'Grills', 'Sandwiches'"
1450,2264,majlis al khalyly al hadyth,"'Arabic', 'BBQ'"
1451,2265,yogurtini,"'Frozen Yogurt', 'Desserts'"
1452,2266,house of tea restaurant,"'Fast Food', 'Smoothies', 'Sandwiches'"
1453,2267,churros cafe,"'Cafe', 'Desserts', 'Juices'"
1454,2270,gamart restaurant,'Arabic'
1455,2271,fuel specialty coffee,"'Desserts', 'Coffee', 'Cafe'"
1456,2272,pi coffee,"'Beverages', 'Coffee', 'Desserts'"
1457,2275,al sultan restaurant,"'Qatari', 'BBQ', 'Grills'"
1458,2277,little italy,"'Pizza', 'Pasta'"
1459,2284,loungy restaurant & cafe,"'Italian', 'Fast Food', 'Cafe'"
1460,2285,tasty rooster restaurant,"'Asian', 'Biryani', 'Street food'"
1461,2286,woow sweet,"'Arabic', 'Sandwiches', 'Desserts'"
1462,2287,max's restaurant,"'Chicken', 'Fast Food', 'Filipino'"
1463,2290,ink cafe,"'Coffee', 'Desserts', 'International'"
1464,2294,ahel istanbul,"'Grills', 'Shawarma', 'Pastries'"
1465,2296,kawatem restaurant,"'Mandi', 'Breakfast', 'Arabic'"
1466,2297,thai cuisine,"'Noodles', 'Thai', 'Asian'"
1467,2299,outback steakhouse,"'Steaks', 'American', 'Grills'"
1468,2303,princess sweets,"'Acai', 'Cafe', 'Desserts'"
1469,2305,wholesome,"'Healthy', 'Coffee'"
1470,2306,express tea,'Burgers'
1471,2308,mamig armenian & lebanese restaurant,"'Mezze', 'Lebanese', 'Fast Food'"
1472,2313,flik cinemas,"'Desserts', 'Beverages', 'Sandwiches'"
1473,2314,miky's deli,"'Italian', 'Pasta', 'Fast Food'"
1474,2317,yousef`s kitchen for traditional food,"'Seafood', 'Qatari'"
1475,2318,alkhaima sweets & pastries,"'Iranian', 'Desserts'"
1476,2319,sweet moments room for dessert,"'Cakes', 'Cafe', 'Juices'"
1477,2325,bloomex flower,'Flowers'
1478,2326,saida bakery and stores,"'Qatari', 'Shawarma', 'Grills'"
1479,2327,golden fish restaurant,"'Seafood', 'Arabic'"
1480,2331,coffee district cafe,"'Pizza', 'International', 'Cafe'"
1481,2337,alissar,'Flowers'
1482,2339,shabab al afghan restaurant,"'Seafood', 'Mandi'"
1483,2343,flower sale,"'Flowers', 'Grocery'"
1484,2346,dawah restaurant,"'Coffee', 'Waffles', 'Bagel'"
1485,2347,shore time,"'Filipino', 'Dumplings', 'Bowls'"
1486,2352,yemeni house,"'Yemeni', 'Biryani', 'Arabic'"
1487,2354,magic chef restaurant,"'Chinese', 'Bowls', 'Dumplings'"
1488,2355,opus restaurant,"'Mezze', 'Grills', 'Seafood'"
1489,2358,aspasia restaurant,'Arabic'
1490,2361,turkiye kebab,"'BBQ', 'Grills'"
1491,2364,bab al derwaza restaurant,"'Qatari', 'BBQ', 'Grills'"
1492,2368,huqqa,"'Sushi', 'Seafood'"
1493,2370,arab al mandi restaurant,"'Mandi', 'Arabic'"
1494,2371,chocoglaze chocolate cafe,"'Desserts', 'Cakes', 'Cafe'"
1495,2373,nourish,'Healthy'
1496,2375,mr. efendy,"'Turkish', 'Grills'"
1497,2379,al ezz popular food kitchens,"'Grills', 'Egyptian', 'Arabic'"
1498,2380,alfanna,"'Mandi', 'Biryani', 'Seafood'"
1499,2381,al watan kitchen,"'Qatari', 'Mandi', 'Grills'"
1500,2383,aspro restaurant,"'Coffee', 'Cafe', 'Qatari'"
1501,2384,amor amor,"'Desserts', 'International', 'Ice cream'"
1502,2388,famous hyderabadi spices restaurant,"'Breakfast', 'BBQ'"
1503,2391,awafi restaurant,"'Lebanese', 'Arabic'"
1504,2393,fresh leaf,"'Chinese', 'Biryani', 'Street food'"
1505,2395,hook seafood,'Seafood'
1506,2396,al mudhiff for flower and events chocolates,"'American', 'Chocolate', 'Flowers'"
1507,2399,qatari sweets,"'Arabic Sweets', 'Desserts', 'Qatari'"
1508,2402,shawerma nos restaurant,"'Shawarma', 'Grills'"
1509,2403,chocoloco,"'Cafe', 'Desserts'"
1510,2404,fresh and more,"'Beverages', 'Lebanese', 'Desserts'"
1511,2406,cowboy,"'Street food', 'Sandwiches'"
1512,2410,larosa sweets,"'Desserts', 'Chocolate'"
1513,2412,float cafe,"'Desserts', 'Coffee', 'Cafe'"
1514,2414,sallora sweets & shami food,"'Doner', 'Street food'"
1515,2415,mission pizza,"'Pizza', 'Italian'"
1516,2418,nizami cafe,"'Juices', 'Burgers', 'Asian'"
1517,2419,luqimaty,"'Qatari', 'Chocolate', 'Desserts'"
1518,2420,habeeb istanbul restaurant,"'Turkish', 'Shawarma', 'Grills'"
1519,2424,yemeni kitchen,"'Burgers', 'Sandwiches'"
1520,2425,minime pancakes,"'Pancakes', 'Breakfast', 'Desserts'"
1521,2427,honig bakes,"'Qatari', 'Cakes', 'Desserts'"
1522,2428,hilal khaleej,"'Burgers', 'Grills', 'Juices'"
1523,2432,the gurkha nepali restaurant,"'Calzone', 'Chicken', 'International'"
1524,2433,grind cafe,"'Cafe', 'Beverages'"
1525,2434,minis doha,"'Desserts', 'International', 'Crepes'"
1526,2437,maia chocolaterie,"'Desserts', 'Cakes'"
1527,2439,ennabi 92,"'Sandwiches', 'Breakfast'"
1528,2442,out restaurant,"'Street food', 'Burgers', 'Sandwiches'"
1529,2447,the village grill,"'Kebab', 'Grills', 'Turkish'"
1530,2448,tasty burger,"'Burgers', 'International', 'Beverages'"
1531,2450,sidi bousaid restaurant,"'Tunisian ', 'Grills', 'Sandwiches'"
1532,2452,candy time sweet chocolate,'Chocolate'
1533,2455,halo cafè,"'Cafe', 'Desserts', 'Beverages'"
1534,2459,shawermar,"'Shawarma', 'Doner'"
1535,2460,zaman al khair restaurant,"'Lebanese', 'BBQ', 'Grills'"
1536,2461,artist cafe,"'Desserts', 'Cafe', 'Sandwiches'"
1537,2462,fresh green healthy stop,"'Salad', 'Healthy', 'Wraps'"
1538,2463,panda cookies,"'Desserts', 'Qatari', 'Chocolate'"
1539,2464,central bites,"'Sandwiches', 'Fast Food'"
1540,2468,wok to walk,'Asian'
1541,2469,cafe crepe de nuit de paris,"'French', 'Crepes', 'Desserts'"
1542,2470,ottoman palace restaurant,"'Turkish', 'BBQ', 'Filipino'"
1543,2475,taksim istanbul central restaurant,"'Turkish', 'Shawarma', 'Grills'"
1544,2477,falafel karim,"'Arabic', 'Breakfast', 'Sandwiches'"
1545,2482,red flame,"'American', 'Burgers', 'Beverages'"
1546,2486,bukhara caravan,"'Curry', 'Indian'"
1547,2487,albayt alarabi,'Arabic'
1548,2495,gravity cafe,"'Coffee', 'Cafe', 'Beverages'"
1549,2497,al mahir traditional kitchen,"'Arabic', 'Mandi', 'Biryani'"
1550,2498,traffic,"'Burgers', 'American'"
1551,2499,last order restaurant,"'Burgers', 'Fast Food'"
1552,2500,roads street food restaurant,"'Burgers', 'Fast Food'"
1553,2501,ghasaq cafe and restaurant,"'Street food', 'Sandwiches'"
1554,2502,al waha kitchens,"'Qatari', 'Salad', 'Biryani'"
1555,2505,strand bakery,"'Lebanese', 'Breakfast', 'Sandwiches'"
1556,2509,turkan restaurant,"'Italian', 'Burgers'"
1557,2510,neelima restaurant,"'Coffee', 'Cafe'"
1558,2513,éldora chocolatier,"'Flowers', 'Chocolate'"
1559,2514,maia lounge,"'Desserts', 'Coffee', 'Cafe'"
1560,2515,mixing coffee,"'Cafe', 'Sandwiches', 'Fast Food'"
1561,2518,breakfast fix,"'Sandwiches', 'Desserts', 'Breakfast'"
1562,2520,lebanese village restaurant,'Lebanese'
1563,2523,own pizza,"'Italian', 'Pizza', 'Fast Food'"
1564,2529,mood coffee,"'American', 'Beverages', 'Pastries'"
1565,2532,koshary wow,"'Egyptian', 'Arabic', 'Koshary'"
1566,2539,si el sayed,"'Egyptian', 'Breakfast', 'Sandwiches'"
1567,2540,falafel fayda,"'Turkish', 'Shawarma', 'Pies'"
1568,2542,mra bakery sweets & restaurant,"'Indian', 'Curry', 'Biryani'"
1569,2546,hat shawarma,"'Arabic', 'Shawarma'"
1570,2547,zengo restaurant,"'Sushi', 'Seafood', 'Japanese'"
1571,2548,let's burger,"'American', 'Burgers', 'Sandwiches'"
1572,2549,umm salal mohammed modern bakery,"'Pies', 'Burgers', 'Pizza'"
1573,2551,alamat trading,'Electronics'
1574,2552,cafeteria alhamhama,"'Arabic', 'Grills'"
1575,2554,cute lillies,'Flowers'
1576,2557,layaly saraya,"'Qatari', 'Fast Food', 'Grills'"
1577,2558,ramen,"'Korean', 'Japanese', 'Sushi', 'Ramen'"
1578,2559,hosh alsamak restaurant,"'Qatari', 'Grills', 'Seafood'"
1579,2562,central cafe and restaurant,"'Seafood', 'Fish & chips'"
1580,2567,sky coffee,"'Qatari', 'Coffee', 'Breakfast'"
1581,2569,pure sweet,"'Arabic Sweets', 'Desserts', 'Chocolate'"
1582,2570,figaro coffee,"'Pasta', 'Breakfast', 'International'"
1583,2572,athwaq liftair and mashawy,"'Grills', 'Arabic', 'BBQ'"
1584,2573,three lines restaurant,"'American', 'Burgers', 'Pasta'"
1585,2580,qaser albarzan,"'Curry', 'Beverages'"
1586,2581,al jiwan kitchens,"'Qatari', 'Breakfast', 'Burgers'"
1587,2583,kalakstation,"'Qatari', 'Breakfast', 'Cafe'"
1588,2588,royal palace of bukhari,"'Mandi', 'Kebab', 'Chicken'"
1589,2589,farzi restaurant,"'Qatari', 'Smoothies', 'Milkshakes'"
1590,2595,the grove,"'Burgers', 'Fast Food', 'American'"
1591,2596,bab al salam restaurant,"'Indian', 'BBQ', 'Grills'"
1592,2598,traditional restaurant,"'Egyptian', 'Pizza', 'Pasta'"
1593,2612,piccola cucina,"'Italian', 'Pizza', 'Beverages'"
1594,2613,kayk sweets,"'Cakes', 'Ice cream', 'Desserts'"
1595,2614,khaosan thai restaurant,"'Asian', 'Noodles', 'Thai'"
1596,2615,kingdom of dosa,'Indian'
1597,2617,tazza blu coffee,"'Cafe', 'Breakfast'"
1598,2618,mansaf jordanian house,"'Jordanian', 'BBQ', 'Grills'"
1599,2620,ras al maarad bakery,'Pastries'
1600,2621,barahat elfarej,"'Coffee', 'Cafe'"
1601,2622,quick bites,"'Burgers', 'Healthy', 'Breakfast'"
1602,2623,carluccio's,"'Pizza', 'Healthy', 'Italian'"
1603,2625,menchie's frozen yogurt,"'Frozen Yogurt', 'Ice cream'"
1604,2626,which wich superior sandwiches,'American'
1605,2628,top burger,"'Street food', 'Arabic', 'Asian'"
1606,2629,zizinia bakery and restaurant,"'Grills', 'Sandwiches', 'Bakery'"
1607,2630,hdyati flower shop,'Flowers'
1608,2631,soki fusion restaurant,'Asian'
1610,2633,madd w jazzer restaurant,"'Grills', 'Sandwiches'"
1611,2635,uncle tetsu,"'Qatari', 'Cakes', 'Desserts'"
1612,2636,mission grill,'Grills'
1613,2637,sizzle restaurant,"'Chinese', 'Noodles', 'Grills'"
1614,2638,al maskr seafood,"'Seafood', 'Curry'"
1615,2639,solo specialty coffee,"'Coffee', 'Cafe', 'Cakes'"
1616,2645,salatat,"'Salad', 'Healthy'"
1617,2648,poco loco,"'Breakfast', 'Tacos'"
1618,2650,shanghai memory restaurant,"'Asian', 'Soup', 'Salad'"
1619,2651,arab gulf pastry,"'Manaqeesh', 'Pies', 'Pizza'"
1620,2652,al-kalha restaurant,"'Arabic', 'Falafel', 'Sandwiches'"
1621,2655,fan alzrbyan restaurant,"'Arabic', 'Arabic Sweets', 'Seafood'"
1622,2661,memo's factory,"'Desserts', 'Cafe', 'Sandwiches'"
1623,2662,chapati rashid,"'Cakes', 'Cafe'"
1624,2667,anabolic kitchen,"'Healthy', 'Beverages'"
1625,2668,cauldron ice cream,'Desserts'
1626,2673,mumtaz alhummus & fava beans restaurant,'Iranian'
1627,2677,the guilt free company,"'Healthy', 'Keto', 'Desserts'"
1628,2679,twins 22 cafe,"'Cafe', 'Desserts', 'Beverages'"
1629,2680,london eye fish and chips,"'Fast Food', 'Grills', 'Seafood'"
1630,2681,bn cuisine,"'American', 'Burgers', 'Qatari'"
1631,2686,tantuni,"'Sandwiches', 'International'"
1632,2687,terracotta,'Burgers'
1633,2689,ras al khaima bakeries,'Arabic'
1634,2690,three sisters,"'Breakfast', 'Cafe', 'Crepes'"
1635,2693,eataly,"'Pizza', 'Pasta'"
1636,2695,apna tandoor restaurant,'Indian'
1637,2702,rare group flowers,'Flowers'
1638,2706,zest,"'Coffee', 'Salad', 'Cafe'"
1639,2707,cle cafe,"'Cafe', 'Coffee'"
1640,2710,desi dhaba,"'Indian', 'Asian', 'Curry'"
1641,2713,bukhara restaurant,"'Grills', 'Mandi', 'Biryani'"
1642,2714,white sugar,"'Beverages', 'Cafe', 'Desserts'"
1643,2716,tasmeem,"'Desserts', 'Chocolate', 'Cakes'"
1644,2718,wagamama restaurant,"'Noodles', 'Japanese', 'Asian'"
1645,2724,delish,"'Burgers', 'Pasta', 'Fast Food'"
1646,2725,sudhan for flowers,'Flowers'
1647,2727,zaffran cafe,"'Asian', 'Kebab', 'Biryani'"
1648,2736,little sailor pearl,'Seafood'
1649,2737,najm suhail kitchen,'Qatari'
1650,2738,crunchy burger,'Burgers'
1651,2739,princely parks,'Flowers'
1652,2741,order here restaurant,"'Burgers', 'International', 'Fast Food'"
1653,2742,bab al bahr,"'Seafood', 'Mandi'"
1654,2745,abo al abed restaurant,"'Shawarma', 'Breakfast', 'Grills'"
1655,2748,tabi boba cafe,"'Bubble tea', 'Desserts', 'Beverages'"
1656,2754,biryani express,"'Breakfast', 'Indian', 'Asian'"
1657,2756,laverna sweet,'Chocolate'
1658,2758,cluck restaurant,"'American', 'Burgers', 'Sandwiches'"
1659,2767,ratio cafe,"'Coffee', 'Cafe', 'Cakes'"
1660,2772,oumi asha traditional food,"'Qatari', 'BBQ', 'Grills'"
1661,2775,viola house restaurant & cafe,"'Arabic', 'Burgers', 'Cafe', 'Grills'"
1662,2777,hareem al sultan kitchen,"'Turkish', 'Syrian', 'Lebanese'"
1663,2778,am pm,"'Burgers', 'International', 'Pasta'"
1664,2781,makaya chocolate and flowers,'Desserts'
1665,2782,al demashqi restaurant,"'BBQ', 'Grills'"
1666,2783,november & co,'Cafe'
1667,2785,spring camel restaurant,"'Burgers', 'Fast Food'"
1668,2789,hummus,"'Arabic', 'Bakery', 'Breakfast'"
1669,2797,the drawing room cafe,"'Cafe', 'Desserts', 'Juices'"
1670,2798,bacolod chicken bbq house,"'Street food', 'BBQ'"
1671,2802,bamboo asian restaurant,"'Asian', 'Chinese'"
1672,2803,burgerillas,"'Pizza', 'Pasta', 'Sandwiches'"
1673,2806,grill town restaurant,"'Grills', 'Arabic'"
1674,2808,al reem kitchen popular,"'Qatari', 'Biryani', 'Bakery'"
1675,2810,medium locale cafe,"'Desserts', 'Coffee', 'Cafe'"
1676,2814,over the counter cafe,"'Cafe', 'Coffee'"
1677,2815,kachi restaurant,'Asian'
1678,2831,beit jeddi restaurant,"'Arabic', 'Shawarma', 'Lebanese'"
1679,2832,royal palace restaurant,"'Indian', 'BBQ', 'Chicken'"
1680,2836,jar bistro restaurant,"'American', 'International', 'Asian'"
1681,2840,season restaurant  (al sadd),"'Burgers', 'Fast Food'"
1682,2842,star jubilee restaurant,"'Asian', 'Soup'"
1683,2843,tamarind indian,"'Chinese', 'Biryani', 'Street food'"
1684,2846,deccan deewan restaurant,"'BBQ', 'Biryani', 'Indian'"
1685,2849,mooyah,"'Fast Food', 'American', 'Burgers'"
1686,2850,crazy bites,"'Lebanese', 'Fast Food', 'Burgers'"
1687,2853,dosa king restaurant,"'Breakfast', 'BBQ'"
1688,2855,pinky and brain,"'Cafe', 'Ice cream'"
1689,2860,matabikh herfy wa nathry al-shaabeiaa,"'Italian', 'Mandi', 'Snacks'"
1690,2876,the kitchen by the cooking academy,"'Burgers', 'Fast Food'"
1691,2878,wawan protein,'Supplement'
1692,2881,go fresh cafe,"'Cafe', 'Cakes', 'Coffee'"
1693,2882,royal tea restaurant,"'Arabic', 'Fast Food', 'Sandwiches'"
1694,2884,vanellis by yum yum tree,"'Italian', 'Pizza', 'Pasta'"
1695,2885,leaders cafe,"'International', 'Fast Food', 'Cafe'"
1696,2887,wing speciality coffee,"'Desserts', 'International', 'Cafe'"
1697,2888,junkyard,"'Burgers', 'Pasta', 'American'"
1698,2890,bubbly balls sweet,"'Cafe', 'Desserts', 'Beverages'"
1699,2892,soho coffee co.,"'Cafe', 'Cakes', 'Coffee'"
1700,2895,aseerkom cafeteria,'Beverages'
1701,2896,finger food,"'Italian', 'Pizza', 'Fast Food'"
1702,2898,ishannai beauty,'Grocery'
1703,2900,change up restaurant,"'Burgers', 'Fast Food', 'American'"
1704,2901,siam sushi xpress,"'Asian', 'Noodles', 'Thai'"
1705,2903,soy by sato resturant,"'Asian', 'Japanese'"
1706,2904,tajeen restaurant,"'Moroccan', 'Grills', 'Sandwiches'"
1707,2908,cake bar,"'Cakes', 'Desserts'"
1708,2917,kyoto,"'Breakfast', 'Desserts'"
1709,2920,lemon restaurant & cafe,"'Cafe', 'Sandwiches', 'Bakery'"
1710,2922,signature cafe,"'Cafe', 'International', 'Beverages'"
1711,2923,sable sweets,"'Arabic Sweets', 'Desserts', 'Chocolate'"
1712,2924,adhamiya iraqi restaurant,"'Soup', 'Seafood'"
1713,2925,pizza hut,"'Pizza', 'Fast Food', 'American'"
1714,2926,taliano pizza and pasta,"'Italian', 'Pizza', 'Fast Food'"
1715,2928,restore cafe,"'Healthy', 'Breakfast'"
1716,2930,street feast,"'Mandi', 'Seafood'"
1717,2931,due2,"'Sandwiches', 'Pizza'"
1718,2934,beit beirut restaurant,"'Lebanese', 'Arabic'"
1719,2937,albayt alromancy,"'Qatari', 'Chicken'"
1720,2939,safeer restaurant,"'Burgers', 'Cafeteria'"
1721,2940,triple z,"'Beverages', 'Cakes and Desserts', 'Desserts'"
1723,2942,sufra sultan  istanbul,"'Turkish', 'Shawarma', 'Grills'"
1724,2943,chili bees,"'Curry', 'Grills', 'Arabic'"
1725,2945,booza bar,"'Ice cream', 'Desserts', 'Beverages'"
1726,2946,amara,"'Curry', 'Grills', 'Indian'"
1727,2947,filli cafe,"'Fast Food', 'Smoothies', 'Sandwiches'"
1728,2949,shawerma 3la saj restaurant,"'Arabic', 'Sandwiches'"
1729,2950,shawarma central,"'Doner', 'Street food'"
1730,2953,crafter,"'Italian', 'Sandwiches', 'Desserts'"
1731,2955,wahad shawarma,"'Arabic', 'Shawarma'"
1732,2962,baloch modern kitchen,"'Pakistani', 'Mandi', 'BBQ', 'Indian'"
1733,2964,rashat somsom,"'Lebanese', 'Manaqeesh', 'Breakfast'"
1734,2973,q.r,"'American', 'Burgers', 'Fast Food'"
1735,2976,go fresh cafe,"'Cafe', 'Desserts'"
1736,2977,starlink accessories & gadgets,'Electronics'
1737,2980,furn alasil,"'Lebanese', 'Bread & Bakery', 'Manaqeesh'"
1738,2981,xuan tea,"'Coffee', 'Cafe', 'Bubble tea'"
1739,2982,rzeez gahwah wa sherah,"'Cafe', 'Qatari'"
1740,2983,basta restaurant 23,"'Qatari', 'Breakfast'"
1741,2984,lahore restaurant,"'Biryani', 'Vegetarian', 'Pakistani'"
1742,2985,mr fire,"'Indian', 'Pasta', 'Fast Food'"
1743,2986,gami gedara restaurant,'Asian'
1744,2987,caramel by city centre rotana,"'Cakes', 'Cafe', 'Sandwiches'"
1745,2988,royal shezan restaurant,"'Asian', 'Biryani', 'Street food'"
1746,2990,iris,"'American', 'Burgers', 'Fast Food'"
1747,2996,doner republic,"'Turkish', 'Doner', 'Sandwiches'"
1748,2997,gulf colours flowers,'Flowers'
1749,2998,the kitchen,"'Cafe', 'Asian', 'Noodles'"
1750,3005,v2 coffee,"'Juices', 'Coffee', 'Breakfast'"
1751,3008,rusiya group,'Grocery'
1752,3010,hapag restaurant,'Asian'
1753,3013,mama rozie,"'Snacks', 'Noodles', 'Salad'"
1754,3022,qidra and fokhara restaurant,"'Arabic', 'Beverages', 'Desserts'"
1755,3029,atmosphere cafe,"'Bakery', 'Fast Food', 'Pastries'"
1757,3034,maraheb mandi,"'Yemeni', 'Biryani', 'Grills'"
1758,3038,kabsa & daqus,"'Arabic', 'Mandi', 'Qatari'"
1759,3039,al khaier bakery,"'Pizza', 'Arabic', 'Breakfast'"
1760,3043,lavender chocolates,"'Flowers', 'Chocolate'"
1761,3050,jesr istanbul restaurant,"'Turkish', 'Shawarma', 'Grills'"
1762,3052,cherry and berry,"'Juices', 'Desserts', 'Smoothies'"
1763,3053,le hamburg,"'American', 'Burgers', 'Fast Food'"
1764,3054,shawarma house,"'Turkish', 'Shawarma', 'Sandwiches'"
1765,3057,munch box,"'Breakfast', 'BBQ'"
1766,3073,mutabbaq and kunafa,'Qatari'
1767,3074,sea bar restaurant,"'Arabic', 'Filipino'"
1768,3075,larissa chocolates,"'Desserts', 'Chocolate'"
1769,3076,alladeed alturki bakery,"'Bakery', 'Turkish'"
1770,3082,crepaway,"'Sandwiches', 'Fast Food', 'American'"
1771,3090,jeeran,"'Jordanian', 'Manaqeesh', 'Grills'"
1772,3091,a&h food court,"'International', 'Sandwiches', 'Pizza'"
1773,3094,perfect nutrition center,"'Salad', 'Healthy', 'Soup'"
1774,3096,rose vip cafe,"'Salad', 'Seafood', 'Fast Food'"
1775,3098,cado flowers,'Flowers'
1776,3102,fataer ajeen,"'Arabic', 'Pastries'"
1777,3105,butcha steakhouse,"'Steaks', 'Grills'"
1778,3107,the chippy,"'Pizza', 'Sandwiches', 'Italian'"
1779,3110,reflect,"'Sandwiches', 'Chicken', 'Healthy'"
1780,3111,nom yum restaurant,"'Chinese', 'Thai', 'Noodles'"
1781,3115,bahri,"'Egyptian', 'Pizza', 'Sandwiches'"
1782,3116,the five coffee,"'Cafe', 'Coffee'"
1783,3117,paul,"'Cakes', 'Pastries', 'Desserts'"
1784,3123,katym alferej restaurant,"'Grills', 'Shawarma'"
1785,3125,sammach,"'Seafood', 'Qatari', 'Arabic'"
1786,3126,south street burger,"'Burgers', 'Fast Food'"
1787,3129,al mohalhel restaurant,"'Sandwiches', 'Bakery', 'Shawarma'"
1788,3130,house burgers,"'Burgers', 'Sandwiches', 'Pizza'"
1789,3131,filipino hot pack,"'Filipino', 'Seafood'"
1790,3135,karak marmi,"'Breakfast', 'Sandwiches', 'Desserts', 'Beverages'"
1791,3138,tea spoon cafeteria,"'Curry', 'Asian', 'Cafeteria'"
1792,3143,felfel shattah restaurant,'Egyptian'
1793,3150,petra restaurant,"'Mandi', 'BBQ', 'Kebab'"
1794,3153,loaded cafe,"'Cafe', 'Desserts', 'Breakfast'"
1795,3154,wings coffee roasters,'Cafe'
1796,3155,luxury catering,"'Qatari', 'Bakery', 'Sandwiches'"
1797,3156,fajita's grill & more,"'Sandwiches', 'Pasta', 'Burgers'"
1798,3158,wud occasions,'Flowers'
1799,3160,nammarg sweets and gifts,'Flowers'
1800,3164,al shamia kitchens,'Arabic'
1801,3165,hennys fresh fried chicken,"'Arabic', 'Fast Food', 'Fried Chicken'"
1802,3171,ocean basket restaurant,"'Seafood', 'Fish & chips'"
1803,3172,grill house pakistani restaurant,"'Pakistani', 'Curry', 'Biryani'"
1804,3173,asian wok restaurant,"'Thai', 'Asian', 'Filipino'"
1805,3176,hawak,"'Middle eastern', 'Lebanese', 'Arabic'"
1806,3178,satkar restaurant,"'Nepalese', 'Asian'"
1807,3181,the bread shop bakery,"'Cafe', 'Desserts'"
1808,3182,lamsy plaza restaurant,"'Breakfast', 'BBQ'"
1809,3189,philly cheesesteak cafe,"'Street food', 'Sandwiches'"
1810,3190,cupcake queen flowers,'Flowers'
1811,3191,milk 13 bakery,"'Bakery', 'Breakfast', 'Desserts'"
1812,3195,cake al taybeen,"'Desserts', 'Beverages', 'Cakes'"
1813,3196,pepsi cola,'Beverages'
1814,3197,box and sauce,"'Lebanese', 'Fried Chicken', 'Shawarma'"
1815,3204,keema boutique cafeteria,"'Qatari', 'Breakfast', 'Sandwiches'"
1816,3212,atayeb kitchen,"'Qatari', 'Biryani', 'Grills'"
1817,3213,al bayt al romancy,"'Arabic', 'Qatari'"
1818,3215,bombay chowpatty,"'Curry', 'Indian', 'Asian'"
1819,3216,healthy's restaurant,'Healthy'
1820,3217,al junoob,"'Fast Food', 'Sandwiches', 'Beverages'"
1821,3218,sandwich,"'American', 'Burgers', 'Fast Food'"
1822,3219,ice cream plaza,"'Burgers', 'Cafeteria'"
1823,3223,shanab cafe,"'Noodles', 'Beverages'"
1824,3227,the dietitian restaurant,"'Healthy', 'Beverages', 'Salad'"
1825,3232,deeb trading flowers & chocolates,'Flowers'
1826,3233,chaclate,"'Desserts', 'Sandwiches'"
1827,3235,grams restaurant,"'Healthy', 'International', 'Grills'"
1828,3238,ajeeb restaurant,"'Burgers', 'Fast Food'"
1829,3241,marsin cafeteria & pastries,"'Arabic', 'BBQ', 'Grills'"
1830,3245,deem sweets,"'Desserts', 'Chocolate'"
1832,3250,youani restaurant,"'Qatari', 'Biryani', 'Grills'"
1833,3251,dunkin donuts,"'Donuts', 'Desserts', 'Coffee'"
1834,3253,raw middle east,"'Breakfast', 'Qatari', 'Healthy'"
1835,3254,indian grill house restaurant,"'Kebab', 'Grills'"
1836,3255,curry n hurry,'Indian'
1837,3267,zone bukhari and mandi restaurant,"'Arabic', 'Mandi'"
1838,3268,al hafeed restaurant,"'Qatari', 'Cafe', 'Sandwiches'"
1839,3270,chucky's burger,"'Burgers', 'Beverages'"
1840,3271,wzn healthy food,"'Healthy', 'Sandwiches'"
1841,3273,chapati rashid pubg restaurant,"'Ice cream', 'Gelato', 'Crepes'"
1842,3279,eatopia,"'Sushi', 'Steaks', 'Seafood'"
1843,3280,cerutti il caffe,'Cafe'
1844,3285,abo alaebd,"'Arabic Sweets', 'Cakes'"
1845,3286,aurora cafe,"'Cafe', 'Desserts', 'Beverages'"
1846,3287,tash w rash,"'Pastries', 'Sandwiches', 'Bakery'"
1847,3294,indo-chin,"'Poke', 'Asian', 'Bowls'"
1848,3295,flower power landscape,'Flowers'
1849,3296,mazza restaurant,"'Grills', 'Indian', 'Asian'"
1850,3298,allied,'Electronics'
1851,3300,lalezar,"'Arabic', 'Grills'"
1852,3303,kong fu lee,"'Soup', 'Seafood', 'Chinese'"
1853,3311,basha istanbul restaurant,"'Pastries', 'Grills', 'Shawarma'"
1854,3313,trabzon restaurant,"'Turkish', 'BBQ', 'Grills'"
1855,3316,premium brand entertainment,'Electronics'
